experiment,dataset,method,n_clients,seed,metric,value,scenario
exp1_esn_sweep,narma10,,,,nrmse_mean,0.8280722959844535,"{""size"": 50.0, ""spectral_radius"": 0.1}"
exp1_esn_sweep,narma10,,,,nrmse_std,0.0119436739356529,"{""size"": 50.0, ""spectral_radius"": 0.1}"
exp1_esn_sweep,narma10,,,,nrmse_mean,0.8273481197901745,"{""size"": 50.0, ""spectral_radius"": 0.2}"
exp1_esn_sweep,narma10,,,,nrmse_std,0.0106437919088781,"{""size"": 50.0, ""spectral_radius"": 0.2}"
exp1_esn_sweep,narma10,,,,nrmse_mean,0.8268441700437832,"{""size"": 50.0, ""spectral_radius"": 0.3}"
exp1_esn_sweep,narma10,,,,nrmse_std,0.0115710395985364,"{""size"": 50.0, ""spectral_radius"": 0.3}"
exp1_esn_sweep,narma10,,,,nrmse_mean,0.8117442359950916,"{""size"": 50.0, ""spectral_radius"": 0.4}"
exp1_esn_sweep,narma10,,,,nrmse_std,0.0260732795706986,"{""size"": 50.0, ""spectral_radius"": 0.4}"
exp1_esn_sweep,narma10,,,,nrmse_mean,0.7102837348176296,"{""size"": 50.0, ""spectral_radius"": 0.5}"
exp1_esn_sweep,narma10,,,,nrmse_std,0.0896365873918541,"{""size"": 50.0, ""spectral_radius"": 0.5}"
exp1_esn_sweep,narma10,,,,nrmse_mean,0.6124569859483604,"{""size"": 50.0, ""spectral_radius"": 0.6}"
exp1_esn_sweep,narma10,,,,nrmse_std,0.0976115521721754,"{""size"": 50.0, ""spectral_radius"": 0.6}"
exp1_esn_sweep,narma10,,,,nrmse_mean,0.5559291523487477,"{""size"": 50.0, ""spectral_radius"": 0.7}"
exp1_esn_sweep,narma10,,,,nrmse_std,0.0856272307904687,"{""size"": 50.0, ""spectral_radius"": 0.7}"
exp1_esn_sweep,narma10,,,,nrmse_mean,0.5054908015428222,"{""size"": 50.0, ""spectral_radius"": 0.8}"
exp1_esn_sweep,narma10,,,,nrmse_std,0.0457967531786398,"{""size"": 50.0, ""spectral_radius"": 0.8}"
exp1_esn_sweep,narma10,,,,nrmse_mean,0.4788065814310484,"{""size"": 50.0, ""spectral_radius"": 0.9}"
exp1_esn_sweep,narma10,,,,nrmse_std,0.0317085626932384,"{""size"": 50.0, ""spectral_radius"": 0.9}"
exp1_esn_sweep,narma10,,,,nrmse_mean,0.4737493447307412,"{""size"": 50.0, ""spectral_radius"": 1.0}"
exp1_esn_sweep,narma10,,,,nrmse_std,0.0372746830207288,"{""size"": 50.0, ""spectral_radius"": 1.0}"
exp1_esn_sweep,narma10,,,,nrmse_mean,0.4786348328086779,"{""size"": 50.0, ""spectral_radius"": 1.1}"
exp1_esn_sweep,narma10,,,,nrmse_std,0.0448982226575479,"{""size"": 50.0, ""spectral_radius"": 1.1}"
exp1_esn_sweep,narma10,,,,nrmse_mean,0.530350067945243,"{""size"": 50.0, ""spectral_radius"": 1.2}"
exp1_esn_sweep,narma10,,,,nrmse_std,0.0878819299863075,"{""size"": 50.0, ""spectral_radius"": 1.2}"
exp1_esn_sweep,narma10,,,,nrmse_mean,0.6005551752396567,"{""size"": 50.0, ""spectral_radius"": 1.3}"
exp1_esn_sweep,narma10,,,,nrmse_std,0.126317687620444,"{""size"": 50.0, ""spectral_radius"": 1.3}"
exp1_esn_sweep,narma10,,,,nrmse_mean,0.8278844734211722,"{""size"": 100.0, ""spectral_radius"": 0.1}"
exp1_esn_sweep,narma10,,,,nrmse_std,0.0113659101980199,"{""size"": 100.0, ""spectral_radius"": 0.1}"
exp1_esn_sweep,narma10,,,,nrmse_mean,0.8277326148287711,"{""size"": 100.0, ""spectral_radius"": 0.2}"
exp1_esn_sweep,narma10,,,,nrmse_std,0.0107673476646732,"{""size"": 100.0, ""spectral_radius"": 0.2}"
exp1_esn_sweep,narma10,,,,nrmse_mean,0.8282808152613284,"{""size"": 100.0, ""spectral_radius"": 0.3}"
exp1_esn_sweep,narma10,,,,nrmse_std,0.0118960449302087,"{""size"": 100.0, ""spectral_radius"": 0.3}"
exp1_esn_sweep,narma10,,,,nrmse_mean,0.7578452622863774,"{""size"": 100.0, ""spectral_radius"": 0.4}"
exp1_esn_sweep,narma10,,,,nrmse_std,0.0165467296783138,"{""size"": 100.0, ""spectral_radius"": 0.4}"
exp1_esn_sweep,narma10,,,,nrmse_mean,0.5542954229222354,"{""size"": 100.0, ""spectral_radius"": 0.5}"
exp1_esn_sweep,narma10,,,,nrmse_std,0.0246456198347623,"{""size"": 100.0, ""spectral_radius"": 0.5}"
exp1_esn_sweep,narma10,,,,nrmse_mean,0.473566673595548,"{""size"": 100.0, ""spectral_radius"": 0.6}"
exp1_esn_sweep,narma10,,,,nrmse_std,0.0122875990830417,"{""size"": 100.0, ""spectral_radius"": 0.6}"
exp1_esn_sweep,narma10,,,,nrmse_mean,0.4238594127458436,"{""size"": 100.0, ""spectral_radius"": 0.7}"
exp1_esn_sweep,narma10,,,,nrmse_std,0.0142068244477469,"{""size"": 100.0, ""spectral_radius"": 0.7}"
exp1_esn_sweep,narma10,,,,nrmse_mean,0.3866459704837421,"{""size"": 100.0, ""spectral_radius"": 0.8}"
exp1_esn_sweep,narma10,,,,nrmse_std,0.0093483291341233,"{""size"": 100.0, ""spectral_radius"": 0.8}"
exp1_esn_sweep,narma10,,,,nrmse_mean,0.3573750071215391,"{""size"": 100.0, ""spectral_radius"": 0.9}"
exp1_esn_sweep,narma10,,,,nrmse_std,0.0280697549214945,"{""size"": 100.0, ""spectral_radius"": 0.9}"
exp1_esn_sweep,narma10,,,,nrmse_mean,0.366601780894974,"{""size"": 100.0, ""spectral_radius"": 1.0}"
exp1_esn_sweep,narma10,,,,nrmse_std,0.0603344864926646,"{""size"": 100.0, ""spectral_radius"": 1.0}"
exp1_esn_sweep,narma10,,,,nrmse_mean,0.4312530578078868,"{""size"": 100.0, ""spectral_radius"": 1.1}"
exp1_esn_sweep,narma10,,,,nrmse_std,0.1075598614711241,"{""size"": 100.0, ""spectral_radius"": 1.1}"
exp1_esn_sweep,narma10,,,,nrmse_mean,0.5419114954499153,"{""size"": 100.0, ""spectral_radius"": 1.2}"
exp1_esn_sweep,narma10,,,,nrmse_std,0.1464297075395362,"{""size"": 100.0, ""spectral_radius"": 1.2}"
exp1_esn_sweep,narma10,,,,nrmse_mean,0.6121820016876656,"{""size"": 100.0, ""spectral_radius"": 1.3}"
exp1_esn_sweep,narma10,,,,nrmse_std,0.1549161572565135,"{""size"": 100.0, ""spectral_radius"": 1.3}"
exp1_esn_sweep,narma10,,,,nrmse_mean,0.8280233096020438,"{""size"": 200.0, ""spectral_radius"": 0.1}"
exp1_esn_sweep,narma10,,,,nrmse_std,0.011433332920184,"{""size"": 200.0, ""spectral_radius"": 0.1}"
exp1_esn_sweep,narma10,,,,nrmse_mean,0.827391700283161,"{""size"": 200.0, ""spectral_radius"": 0.2}"
exp1_esn_sweep,narma10,,,,nrmse_std,0.0110084623551626,"{""size"": 200.0, ""spectral_radius"": 0.2}"
exp1_esn_sweep,narma10,,,,nrmse_mean,0.8257619389167715,"{""size"": 200.0, ""spectral_radius"": 0.3}"
exp1_esn_sweep,narma10,,,,nrmse_std,0.0141923427493033,"{""size"": 200.0, ""spectral_radius"": 0.3}"
exp1_esn_sweep,narma10,,,,nrmse_mean,0.6498379409826367,"{""size"": 200.0, ""spectral_radius"": 0.4}"
exp1_esn_sweep,narma10,,,,nrmse_std,0.0575332734236404,"{""size"": 200.0, ""spectral_radius"": 0.4}"
exp1_esn_sweep,narma10,,,,nrmse_mean,0.4756456792855293,"{""size"": 200.0, ""spectral_radius"": 0.5}"
exp1_esn_sweep,narma10,,,,nrmse_std,0.026208944636819,"{""size"": 200.0, ""spectral_radius"": 0.5}"
exp1_esn_sweep,narma10,,,,nrmse_mean,0.3601698882749832,"{""size"": 200.0, ""spectral_radius"": 0.6}"
exp1_esn_sweep,narma10,,,,nrmse_std,0.0402614225797427,"{""size"": 200.0, ""spectral_radius"": 0.6}"
exp1_esn_sweep,narma10,,,,nrmse_mean,0.2763876449910116,"{""size"": 200.0, ""spectral_radius"": 0.7}"
exp1_esn_sweep,narma10,,,,nrmse_std,0.0286215617933355,"{""size"": 200.0, ""spectral_radius"": 0.7}"
exp1_esn_sweep,narma10,,,,nrmse_mean,0.2372171132474701,"{""size"": 200.0, ""spectral_radius"": 0.8}"
exp1_esn_sweep,narma10,,,,nrmse_std,0.0246335445148242,"{""size"": 200.0, ""spectral_radius"": 0.8}"
exp1_esn_sweep,narma10,,,,nrmse_mean,0.2128655718004316,"{""size"": 200.0, ""spectral_radius"": 0.9}"
exp1_esn_sweep,narma10,,,,nrmse_std,0.0309295908950516,"{""size"": 200.0, ""spectral_radius"": 0.9}"
exp1_esn_sweep,narma10,,,,nrmse_mean,0.2146592065724406,"{""size"": 200.0, ""spectral_radius"": 1.0}"
exp1_esn_sweep,narma10,,,,nrmse_std,0.0272869143665301,"{""size"": 200.0, ""spectral_radius"": 1.0}"
exp1_esn_sweep,narma10,,,,nrmse_mean,0.2281413514878533,"{""size"": 200.0, ""spectral_radius"": 1.1}"
exp1_esn_sweep,narma10,,,,nrmse_std,0.0264080315404716,"{""size"": 200.0, ""spectral_radius"": 1.1}"
exp1_esn_sweep,narma10,,,,nrmse_mean,0.2589420636559603,"{""size"": 200.0, ""spectral_radius"": 1.2}"
exp1_esn_sweep,narma10,,,,nrmse_std,0.037020047213094,"{""size"": 200.0, ""spectral_radius"": 1.2}"
exp1_esn_sweep,narma10,,,,nrmse_mean,0.3295717313788089,"{""size"": 200.0, ""spectral_radius"": 1.3}"
exp1_esn_sweep,narma10,,,,nrmse_std,0.0768642041732368,"{""size"": 200.0, ""spectral_radius"": 1.3}"
exp1_esn_sweep,narma10,,,,nrmse_mean,0.8279240730733217,"{""size"": 400.0, ""spectral_radius"": 0.1}"
exp1_esn_sweep,narma10,,,,nrmse_std,0.0114529556776829,"{""size"": 400.0, ""spectral_radius"": 0.1}"
exp1_esn_sweep,narma10,,,,nrmse_mean,0.8281889875501449,"{""size"": 400.0, ""spectral_radius"": 0.2}"
exp1_esn_sweep,narma10,,,,nrmse_std,0.0113132031213266,"{""size"": 400.0, ""spectral_radius"": 0.2}"
exp1_esn_sweep,narma10,,,,nrmse_mean,0.8204942195426096,"{""size"": 400.0, ""spectral_radius"": 0.3}"
exp1_esn_sweep,narma10,,,,nrmse_std,0.0121446435128775,"{""size"": 400.0, ""spectral_radius"": 0.3}"
exp1_esn_sweep,narma10,,,,nrmse_mean,0.5402021516939198,"{""size"": 400.0, ""spectral_radius"": 0.4}"
exp1_esn_sweep,narma10,,,,nrmse_std,0.0072206212943091,"{""size"": 400.0, ""spectral_radius"": 0.4}"
exp1_esn_sweep,narma10,,,,nrmse_mean,0.4190667190802939,"{""size"": 400.0, ""spectral_radius"": 0.5}"
exp1_esn_sweep,narma10,,,,nrmse_std,0.0108191823390687,"{""size"": 400.0, ""spectral_radius"": 0.5}"
exp1_esn_sweep,narma10,,,,nrmse_mean,0.2680083291682472,"{""size"": 400.0, ""spectral_radius"": 0.6}"
exp1_esn_sweep,narma10,,,,nrmse_std,0.0085723142045516,"{""size"": 400.0, ""spectral_radius"": 0.6}"
exp1_esn_sweep,narma10,,,,nrmse_mean,0.2024977047401101,"{""size"": 400.0, ""spectral_radius"": 0.7}"
exp1_esn_sweep,narma10,,,,nrmse_std,0.0115281113187862,"{""size"": 400.0, ""spectral_radius"": 0.7}"
exp1_esn_sweep,narma10,,,,nrmse_mean,0.165658837400807,"{""size"": 400.0, ""spectral_radius"": 0.8}"
exp1_esn_sweep,narma10,,,,nrmse_std,0.0074446746077862,"{""size"": 400.0, ""spectral_radius"": 0.8}"
exp1_esn_sweep,narma10,,,,nrmse_mean,0.1509686216359431,"{""size"": 400.0, ""spectral_radius"": 0.9}"
exp1_esn_sweep,narma10,,,,nrmse_std,0.0144090880692602,"{""size"": 400.0, ""spectral_radius"": 0.9}"
exp1_esn_sweep,narma10,,,,nrmse_mean,0.1447764748502379,"{""size"": 400.0, ""spectral_radius"": 1.0}"
exp1_esn_sweep,narma10,,,,nrmse_std,0.0138529478358427,"{""size"": 400.0, ""spectral_radius"": 1.0}"
exp1_esn_sweep,narma10,,,,nrmse_mean,0.1512868501141718,"{""size"": 400.0, ""spectral_radius"": 1.1}"
exp1_esn_sweep,narma10,,,,nrmse_std,0.0126084180120636,"{""size"": 400.0, ""spectral_radius"": 1.1}"
exp1_esn_sweep,narma10,,,,nrmse_mean,0.1812521137063718,"{""size"": 400.0, ""spectral_radius"": 1.2}"
exp1_esn_sweep,narma10,,,,nrmse_std,0.0140228776582074,"{""size"": 400.0, ""spectral_radius"": 1.2}"
exp1_esn_sweep,narma10,,,,nrmse_mean,0.2432311227094403,"{""size"": 400.0, ""spectral_radius"": 1.3}"
exp1_esn_sweep,narma10,,,,nrmse_std,0.0181577518762857,"{""size"": 400.0, ""spectral_radius"": 1.3}"
exp2_topology,narma10,random,,0.0,nrmse,0.2588597090584323,"{""task"": ""narma10"", ""topology"": ""random"", ""seed"": 0}"
exp2_topology,narma10,random,,0.0,mean_degree,38.57,"{""task"": ""narma10"", ""topology"": ""random"", ""seed"": 0}"
exp2_topology,narma10,random,,0.0,clustering,0.1939704697670435,"{""task"": ""narma10"", ""topology"": ""random"", ""seed"": 0}"
exp2_topology,narma10,random,,0.0,avg_path_length,1.8066834170854271,"{""task"": ""narma10"", ""topology"": ""random"", ""seed"": 0}"
exp2_topology,narma10,random,,1.0,nrmse,0.1974833390926753,"{""task"": ""narma10"", ""topology"": ""random"", ""seed"": 1}"
exp2_topology,narma10,random,,1.0,mean_degree,38.61,"{""task"": ""narma10"", ""topology"": ""random"", ""seed"": 1}"
exp2_topology,narma10,random,,1.0,clustering,0.1935106396818341,"{""task"": ""narma10"", ""topology"": ""random"", ""seed"": 1}"
exp2_topology,narma10,random,,1.0,avg_path_length,1.806532663316583,"{""task"": ""narma10"", ""topology"": ""random"", ""seed"": 1}"
exp2_topology,narma10,random,,2.0,nrmse,0.1895780624165541,"{""task"": ""narma10"", ""topology"": ""random"", ""seed"": 2}"
exp2_topology,narma10,random,,2.0,mean_degree,38.35,"{""task"": ""narma10"", ""topology"": ""random"", ""seed"": 2}"
exp2_topology,narma10,random,,2.0,clustering,0.1929669362775598,"{""task"": ""narma10"", ""topology"": ""random"", ""seed"": 2}"
exp2_topology,narma10,random,,2.0,avg_path_length,1.8078391959798996,"{""task"": ""narma10"", ""topology"": ""random"", ""seed"": 2}"
exp2_topology,narma10,random,,3.0,nrmse,0.2894563073456743,"{""task"": ""narma10"", ""topology"": ""random"", ""seed"": 3}"
exp2_topology,narma10,random,,3.0,mean_degree,37.65,"{""task"": ""narma10"", ""topology"": ""random"", ""seed"": 3}"
exp2_topology,narma10,random,,3.0,clustering,0.1906424705403767,"{""task"": ""narma10"", ""topology"": ""random"", ""seed"": 3}"
exp2_topology,narma10,random,,3.0,avg_path_length,1.8110552763819092,"{""task"": ""narma10"", ""topology"": ""random"", ""seed"": 3}"
exp2_topology,narma10,random,,4.0,nrmse,0.2385242855971882,"{""task"": ""narma10"", ""topology"": ""random"", ""seed"": 4}"
exp2_topology,narma10,random,,4.0,mean_degree,36.97,"{""task"": ""narma10"", ""topology"": ""random"", ""seed"": 4}"
exp2_topology,narma10,random,,4.0,clustering,0.1858837111083082,"{""task"": ""narma10"", ""topology"": ""random"", ""seed"": 4}"
exp2_topology,narma10,random,,4.0,avg_path_length,1.8155276381909549,"{""task"": ""narma10"", ""topology"": ""random"", ""seed"": 4}"
exp2_topology,narma10,random,,5.0,nrmse,0.2050195728759073,"{""task"": ""narma10"", ""topology"": ""random"", ""seed"": 5}"
exp2_topology,narma10,random,,5.0,mean_degree,37.73,"{""task"": ""narma10"", ""topology"": ""random"", ""seed"": 5}"
exp2_topology,narma10,random,,5.0,clustering,0.1905404084162558,"{""task"": ""narma10"", ""topology"": ""random"", ""seed"": 5}"
exp2_topology,narma10,random,,5.0,avg_path_length,1.8112060301507535,"{""task"": ""narma10"", ""topology"": ""random"", ""seed"": 5}"
exp2_topology,narma10,random,,6.0,nrmse,0.2597646452217781,"{""task"": ""narma10"", ""topology"": ""random"", ""seed"": 6}"
exp2_topology,narma10,random,,6.0,mean_degree,37.95,"{""task"": ""narma10"", ""topology"": ""random"", ""seed"": 6}"
exp2_topology,narma10,random,,6.0,clustering,0.1884962656742153,"{""task"": ""narma10"", ""topology"": ""random"", ""seed"": 6}"
exp2_topology,narma10,random,,6.0,avg_path_length,1.809698492462312,"{""task"": ""narma10"", ""topology"": ""random"", ""seed"": 6}"
exp2_topology,narma10,random,,7.0,nrmse,0.2494029889885469,"{""task"": ""narma10"", ""topology"": ""random"", ""seed"": 7}"
exp2_topology,narma10,random,,7.0,mean_degree,38.25,"{""task"": ""narma10"", ""topology"": ""random"", ""seed"": 7}"
exp2_topology,narma10,random,,7.0,clustering,0.1911567004481247,"{""task"": ""narma10"", ""topology"": ""random"", ""seed"": 7}"
exp2_topology,narma10,random,,7.0,avg_path_length,1.8080402010050247,"{""task"": ""narma10"", ""topology"": ""random"", ""seed"": 7}"
exp2_topology,narma10,small_world,,0.0,nrmse,0.2284259573887205,"{""task"": ""narma10"", ""topology"": ""small_world"", ""seed"": 0}"
exp2_topology,narma10,small_world,,0.0,mean_degree,10.0,"{""task"": ""narma10"", ""topology"": ""small_world"", ""seed"": 0}"
exp2_topology,narma10,small_world,,0.0,clustering,0.4920500333000333,"{""task"": ""narma10"", ""topology"": ""small_world"", ""seed"": 0}"
exp2_topology,narma10,small_world,,0.0,avg_path_length,3.197889447236181,"{""task"": ""narma10"", ""topology"": ""small_world"", ""seed"": 0}"
exp2_topology,narma10,small_world,,1.0,nrmse,0.2085138560927213,"{""task"": ""narma10"", ""topology"": ""small_world"", ""seed"": 1}"
exp2_topology,narma10,small_world,,1.0,mean_degree,10.0,"{""task"": ""narma10"", ""topology"": ""small_world"", ""seed"": 1}"
exp2_topology,narma10,small_world,,1.0,clustering,0.5095397657897658,"{""task"": ""narma10"", ""topology"": ""small_world"", ""seed"": 1}"
exp2_topology,narma10,small_world,,1.0,avg_path_length,3.2760804020100505,"{""task"": ""narma10"", ""topology"": ""small_world"", ""seed"": 1}"
exp2_topology,narma10,small_world,,2.0,nrmse,0.2228522461564703,"{""task"": ""narma10"", ""topology"": ""small_world"", ""seed"": 2}"
exp2_topology,narma10,small_world,,2.0,mean_degree,10.0,"{""task"": ""narma10"", ""topology"": ""small_world"", ""seed"": 2}"
exp2_topology,narma10,small_world,,2.0,clustering,0.4955948773448773,"{""task"": ""narma10"", ""topology"": ""small_world"", ""seed"": 2}"
exp2_topology,narma10,small_world,,2.0,avg_path_length,3.2139195979899498,"{""task"": ""narma10"", ""topology"": ""small_world"", ""seed"": 2}"
exp2_topology,narma10,small_world,,3.0,nrmse,0.2645962572405766,"{""task"": ""narma10"", ""topology"": ""small_world"", ""seed"": 3}"
exp2_topology,narma10,small_world,,3.0,mean_degree,10.0,"{""task"": ""narma10"", ""topology"": ""small_world"", ""seed"": 3}"
exp2_topology,narma10,small_world,,3.0,clustering,0.5078856421356421,"{""task"": ""narma10"", ""topology"": ""small_world"", ""seed"": 3}"
exp2_topology,narma10,small_world,,3.0,avg_path_length,3.2553266331658293,"{""task"": ""narma10"", ""topology"": ""small_world"", ""seed"": 3}"
exp2_topology,narma10,small_world,,4.0,nrmse,0.2778771896130769,"{""task"": ""narma10"", ""topology"": ""small_world"", ""seed"": 4}"
exp2_topology,narma10,small_world,,4.0,mean_degree,10.0,"{""task"": ""narma10"", ""topology"": ""small_world"", ""seed"": 4}"
exp2_topology,narma10,small_world,,4.0,clustering,0.4483262570762571,"{""task"": ""narma10"", ""topology"": ""small_world"", ""seed"": 4}"
exp2_topology,narma10,small_world,,4.0,avg_path_length,3.120201005025125,"{""task"": ""narma10"", ""topology"": ""small_world"", ""seed"": 4}"
exp2_topology,narma10,small_world,,5.0,nrmse,0.2559478356853929,"{""task"": ""narma10"", ""topology"": ""small_world"", ""seed"": 5}"
exp2_topology,narma10,small_world,,5.0,mean_degree,10.0,"{""task"": ""narma10"", ""topology"": ""small_world"", ""seed"": 5}"
exp2_topology,narma10,small_world,,5.0,clustering,0.4984238539238539,"{""task"": ""narma10"", ""topology"": ""small_world"", ""seed"": 5}"
exp2_topology,narma10,small_world,,5.0,avg_path_length,3.192110552763819,"{""task"": ""narma10"", ""topology"": ""small_world"", ""seed"": 5}"
exp2_topology,narma10,small_world,,6.0,nrmse,0.235946304238648,"{""task"": ""narma10"", ""topology"": ""small_world"", ""seed"": 6}"
exp2_topology,narma10,small_world,,6.0,mean_degree,10.0,"{""task"": ""narma10"", ""topology"": ""small_world"", ""seed"": 6}"
exp2_topology,narma10,small_world,,6.0,clustering,0.4930955988455988,"{""task"": ""narma10"", ""topology"": ""small_world"", ""seed"": 6}"
exp2_topology,narma10,small_world,,6.0,avg_path_length,3.2341206030150755,"{""task"": ""narma10"", ""topology"": ""small_world"", ""seed"": 6}"
exp2_topology,narma10,small_world,,7.0,nrmse,0.2860951608519767,"{""task"": ""narma10"", ""topology"": ""small_world"", ""seed"": 7}"
exp2_topology,narma10,small_world,,7.0,mean_degree,10.0,"{""task"": ""narma10"", ""topology"": ""small_world"", ""seed"": 7}"
exp2_topology,narma10,small_world,,7.0,clustering,0.4818499555999556,"{""task"": ""narma10"", ""topology"": ""small_world"", ""seed"": 7}"
exp2_topology,narma10,small_world,,7.0,avg_path_length,3.18356783919598,"{""task"": ""narma10"", ""topology"": ""small_world"", ""seed"": 7}"
exp2_topology,narma10,scale_free,,0.0,nrmse,0.2946440113860546,"{""task"": ""narma10"", ""topology"": ""scale_free"", ""seed"": 0}"
exp2_topology,narma10,scale_free,,0.0,mean_degree,9.75,"{""task"": ""narma10"", ""topology"": ""scale_free"", ""seed"": 0}"
exp2_topology,narma10,scale_free,,0.0,clustering,0.1159640200145247,"{""task"": ""narma10"", ""topology"": ""scale_free"", ""seed"": 0}"
exp2_topology,narma10,scale_free,,0.0,avg_path_length,2.469497487437186,"{""task"": ""narma10"", ""topology"": ""scale_free"", ""seed"": 0}"
exp2_topology,narma10,scale_free,,1.0,nrmse,0.2575443321339012,"{""task"": ""narma10"", ""topology"": ""scale_free"", ""seed"": 1}"
exp2_topology,narma10,scale_free,,1.0,mean_degree,9.75,"{""task"": ""narma10"", ""topology"": ""scale_free"", ""seed"": 1}"
exp2_topology,narma10,scale_free,,1.0,clustering,0.1231929677572903,"{""task"": ""narma10"", ""topology"": ""scale_free"", ""seed"": 1}"
exp2_topology,narma10,scale_free,,1.0,avg_path_length,2.481005025125628,"{""task"": ""narma10"", ""topology"": ""scale_free"", ""seed"": 1}"
exp2_topology,narma10,scale_free,,2.0,nrmse,0.2068794624460602,"{""task"": ""narma10"", ""topology"": ""scale_free"", ""seed"": 2}"
exp2_topology,narma10,scale_free,,2.0,mean_degree,9.75,"{""task"": ""narma10"", ""topology"": ""scale_free"", ""seed"": 2}"
exp2_topology,narma10,scale_free,,2.0,clustering,0.1208401075614536,"{""task"": ""narma10"", ""topology"": ""scale_free"", ""seed"": 2}"
exp2_topology,narma10,scale_free,,2.0,avg_path_length,2.454924623115578,"{""task"": ""narma10"", ""topology"": ""scale_free"", ""seed"": 2}"
exp2_topology,narma10,scale_free,,3.0,nrmse,0.288150235733197,"{""task"": ""narma10"", ""topology"": ""scale_free"", ""seed"": 3}"
exp2_topology,narma10,scale_free,,3.0,mean_degree,9.75,"{""task"": ""narma10"", ""topology"": ""scale_free"", ""seed"": 3}"
exp2_topology,narma10,scale_free,,3.0,clustering,0.1256224265578384,"{""task"": ""narma10"", ""topology"": ""scale_free"", ""seed"": 3}"
exp2_topology,narma10,scale_free,,3.0,avg_path_length,2.4716582914572864,"{""task"": ""narma10"", ""topology"": ""scale_free"", ""seed"": 3}"
exp2_topology,narma10,scale_free,,4.0,nrmse,0.2304581104381653,"{""task"": ""narma10"", ""topology"": ""scale_free"", ""seed"": 4}"
exp2_topology,narma10,scale_free,,4.0,mean_degree,9.75,"{""task"": ""narma10"", ""topology"": ""scale_free"", ""seed"": 4}"
exp2_topology,narma10,scale_free,,4.0,clustering,0.1116853217026331,"{""task"": ""narma10"", ""topology"": ""scale_free"", ""seed"": 4}"
exp2_topology,narma10,scale_free,,4.0,avg_path_length,2.4797487437185928,"{""task"": ""narma10"", ""topology"": ""scale_free"", ""seed"": 4}"
exp2_topology,narma10,scale_free,,5.0,nrmse,0.2834682043082089,"{""task"": ""narma10"", ""topology"": ""scale_free"", ""seed"": 5}"
exp2_topology,narma10,scale_free,,5.0,mean_degree,9.75,"{""task"": ""narma10"", ""topology"": ""scale_free"", ""seed"": 5}"
exp2_topology,narma10,scale_free,,5.0,clustering,0.1172413481070218,"{""task"": ""narma10"", ""topology"": ""scale_free"", ""seed"": 5}"
exp2_topology,narma10,scale_free,,5.0,avg_path_length,2.4805527638190954,"{""task"": ""narma10"", ""topology"": ""scale_free"", ""seed"": 5}"
exp2_topology,narma10,scale_free,,6.0,nrmse,0.222814861922861,"{""task"": ""narma10"", ""topology"": ""scale_free"", ""seed"": 6}"
exp2_topology,narma10,scale_free,,6.0,mean_degree,9.75,"{""task"": ""narma10"", ""topology"": ""scale_free"", ""seed"": 6}"
exp2_topology,narma10,scale_free,,6.0,clustering,0.0958591467970859,"{""task"": ""narma10"", ""topology"": ""scale_free"", ""seed"": 6}"
exp2_topology,narma10,scale_free,,6.0,avg_path_length,2.4974371859296483,"{""task"": ""narma10"", ""topology"": ""scale_free"", ""seed"": 6}"
exp2_topology,narma10,scale_free,,7.0,nrmse,0.2399918727402679,"{""task"": ""narma10"", ""topology"": ""scale_free"", ""seed"": 7}"
exp2_topology,narma10,scale_free,,7.0,mean_degree,9.75,"{""task"": ""narma10"", ""topology"": ""scale_free"", ""seed"": 7}"
exp2_topology,narma10,scale_free,,7.0,clustering,0.1287983407088112,"{""task"": ""narma10"", ""topology"": ""scale_free"", ""seed"": 7}"
exp2_topology,narma10,scale_free,,7.0,avg_path_length,2.4562311557788945,"{""task"": ""narma10"", ""topology"": ""scale_free"", ""seed"": 7}"
exp2_topology,narma10,ring,,0.0,nrmse,0.2526373245951748,"{""task"": ""narma10"", ""topology"": ""ring"", ""seed"": 0}"
exp2_topology,narma10,ring,,0.0,mean_degree,2.0,"{""task"": ""narma10"", ""topology"": ""ring"", ""seed"": 0}"
exp2_topology,narma10,ring,,0.0,clustering,0.0,"{""task"": ""narma10"", ""topology"": ""ring"", ""seed"": 0}"
exp2_topology,narma10,ring,,0.0,avg_path_length,50.25125628140704,"{""task"": ""narma10"", ""topology"": ""ring"", ""seed"": 0}"
exp2_topology,narma10,ring,,1.0,nrmse,0.2231170707665186,"{""task"": ""narma10"", ""topology"": ""ring"", ""seed"": 1}"
exp2_topology,narma10,ring,,1.0,mean_degree,2.0,"{""task"": ""narma10"", ""topology"": ""ring"", ""seed"": 1}"
exp2_topology,narma10,ring,,1.0,clustering,0.0,"{""task"": ""narma10"", ""topology"": ""ring"", ""seed"": 1}"
exp2_topology,narma10,ring,,1.0,avg_path_length,50.25125628140704,"{""task"": ""narma10"", ""topology"": ""ring"", ""seed"": 1}"
exp2_topology,narma10,ring,,2.0,nrmse,0.1811130851505531,"{""task"": ""narma10"", ""topology"": ""ring"", ""seed"": 2}"
exp2_topology,narma10,ring,,2.0,mean_degree,2.0,"{""task"": ""narma10"", ""topology"": ""ring"", ""seed"": 2}"
exp2_topology,narma10,ring,,2.0,clustering,0.0,"{""task"": ""narma10"", ""topology"": ""ring"", ""seed"": 2}"
exp2_topology,narma10,ring,,2.0,avg_path_length,50.25125628140704,"{""task"": ""narma10"", ""topology"": ""ring"", ""seed"": 2}"
exp2_topology,narma10,ring,,3.0,nrmse,0.249160379668388,"{""task"": ""narma10"", ""topology"": ""ring"", ""seed"": 3}"
exp2_topology,narma10,ring,,3.0,mean_degree,2.0,"{""task"": ""narma10"", ""topology"": ""ring"", ""seed"": 3}"
exp2_topology,narma10,ring,,3.0,clustering,0.0,"{""task"": ""narma10"", ""topology"": ""ring"", ""seed"": 3}"
exp2_topology,narma10,ring,,3.0,avg_path_length,50.25125628140704,"{""task"": ""narma10"", ""topology"": ""ring"", ""seed"": 3}"
exp2_topology,narma10,ring,,4.0,nrmse,0.2553184347139249,"{""task"": ""narma10"", ""topology"": ""ring"", ""seed"": 4}"
exp2_topology,narma10,ring,,4.0,mean_degree,2.0,"{""task"": ""narma10"", ""topology"": ""ring"", ""seed"": 4}"
exp2_topology,narma10,ring,,4.0,clustering,0.0,"{""task"": ""narma10"", ""topology"": ""ring"", ""seed"": 4}"
exp2_topology,narma10,ring,,4.0,avg_path_length,50.25125628140704,"{""task"": ""narma10"", ""topology"": ""ring"", ""seed"": 4}"
exp2_topology,narma10,ring,,5.0,nrmse,0.2328928579288949,"{""task"": ""narma10"", ""topology"": ""ring"", ""seed"": 5}"
exp2_topology,narma10,ring,,5.0,mean_degree,2.0,"{""task"": ""narma10"", ""topology"": ""ring"", ""seed"": 5}"
exp2_topology,narma10,ring,,5.0,clustering,0.0,"{""task"": ""narma10"", ""topology"": ""ring"", ""seed"": 5}"
exp2_topology,narma10,ring,,5.0,avg_path_length,50.25125628140704,"{""task"": ""narma10"", ""topology"": ""ring"", ""seed"": 5}"
exp2_topology,narma10,ring,,6.0,nrmse,0.2021495555264118,"{""task"": ""narma10"", ""topology"": ""ring"", ""seed"": 6}"
exp2_topology,narma10,ring,,6.0,mean_degree,2.0,"{""task"": ""narma10"", ""topology"": ""ring"", ""seed"": 6}"
exp2_topology,narma10,ring,,6.0,clustering,0.0,"{""task"": ""narma10"", ""topology"": ""ring"", ""seed"": 6}"
exp2_topology,narma10,ring,,6.0,avg_path_length,50.25125628140704,"{""task"": ""narma10"", ""topology"": ""ring"", ""seed"": 6}"
exp2_topology,narma10,ring,,7.0,nrmse,0.2823686637472042,"{""task"": ""narma10"", ""topology"": ""ring"", ""seed"": 7}"
exp2_topology,narma10,ring,,7.0,mean_degree,2.0,"{""task"": ""narma10"", ""topology"": ""ring"", ""seed"": 7}"
exp2_topology,narma10,ring,,7.0,clustering,0.0,"{""task"": ""narma10"", ""topology"": ""ring"", ""seed"": 7}"
exp2_topology,narma10,ring,,7.0,avg_path_length,50.25125628140704,"{""task"": ""narma10"", ""topology"": ""ring"", ""seed"": 7}"
exp2_topology,mackey_glass,random,,0.0,nrmse,0.0040890800011121,"{""task"": ""mackey_glass"", ""topology"": ""random"", ""seed"": 0}"
exp2_topology,mackey_glass,random,,0.0,mean_degree,38.34,"{""task"": ""mackey_glass"", ""topology"": ""random"", ""seed"": 0}"
exp2_topology,mackey_glass,random,,0.0,clustering,0.1947792188534165,"{""task"": ""mackey_glass"", ""topology"": ""random"", ""seed"": 0}"
exp2_topology,mackey_glass,random,,0.0,avg_path_length,1.8076884422110555,"{""task"": ""mackey_glass"", ""topology"": ""random"", ""seed"": 0}"
exp2_topology,mackey_glass,random,,1.0,nrmse,0.0042269730631933,"{""task"": ""mackey_glass"", ""topology"": ""random"", ""seed"": 1}"
exp2_topology,mackey_glass,random,,1.0,mean_degree,38.62,"{""task"": ""mackey_glass"", ""topology"": ""random"", ""seed"": 1}"
exp2_topology,mackey_glass,random,,1.0,clustering,0.1957514229888223,"{""task"": ""mackey_glass"", ""topology"": ""random"", ""seed"": 1}"
exp2_topology,mackey_glass,random,,1.0,avg_path_length,1.8066331658291457,"{""task"": ""mackey_glass"", ""topology"": ""random"", ""seed"": 1}"
exp2_topology,mackey_glass,random,,2.0,nrmse,0.0043845841545643,"{""task"": ""mackey_glass"", ""topology"": ""random"", ""seed"": 2}"
exp2_topology,mackey_glass,random,,2.0,mean_degree,38.28,"{""task"": ""mackey_glass"", ""topology"": ""random"", ""seed"": 2}"
exp2_topology,mackey_glass,random,,2.0,clustering,0.1937789262921656,"{""task"": ""mackey_glass"", ""topology"": ""random"", ""seed"": 2}"
exp2_topology,mackey_glass,random,,2.0,avg_path_length,1.8082412060301507,"{""task"": ""mackey_glass"", ""topology"": ""random"", ""seed"": 2}"
exp2_topology,mackey_glass,random,,3.0,nrmse,0.0044161760266128,"{""task"": ""mackey_glass"", ""topology"": ""random"", ""seed"": 3}"
exp2_topology,mackey_glass,random,,3.0,mean_degree,37.83,"{""task"": ""mackey_glass"", ""topology"": ""random"", ""seed"": 3}"
exp2_topology,mackey_glass,random,,3.0,clustering,0.1921174943595627,"{""task"": ""mackey_glass"", ""topology"": ""random"", ""seed"": 3}"
exp2_topology,mackey_glass,random,,3.0,avg_path_length,1.810502512562814,"{""task"": ""mackey_glass"", ""topology"": ""random"", ""seed"": 3}"
exp2_topology,mackey_glass,random,,4.0,nrmse,0.0040073597685126,"{""task"": ""mackey_glass"", ""topology"": ""random"", ""seed"": 4}"
exp2_topology,mackey_glass,random,,4.0,mean_degree,36.87,"{""task"": ""mackey_glass"", ""topology"": ""random"", ""seed"": 4}"
exp2_topology,mackey_glass,random,,4.0,clustering,0.1866512733947013,"{""task"": ""mackey_glass"", ""topology"": ""random"", ""seed"": 4}"
exp2_topology,mackey_glass,random,,4.0,avg_path_length,1.8161809045226127,"{""task"": ""mackey_glass"", ""topology"": ""random"", ""seed"": 4}"
exp2_topology,mackey_glass,random,,5.0,nrmse,0.0046070734432212,"{""task"": ""mackey_glass"", ""topology"": ""random"", ""seed"": 5}"
exp2_topology,mackey_glass,random,,5.0,mean_degree,37.96,"{""task"": ""mackey_glass"", ""topology"": ""random"", ""seed"": 5}"
exp2_topology,mackey_glass,random,,5.0,clustering,0.1909378939397518,"{""task"": ""mackey_glass"", ""topology"": ""random"", ""seed"": 5}"
exp2_topology,mackey_glass,random,,5.0,avg_path_length,1.8098994974874367,"{""task"": ""mackey_glass"", ""topology"": ""random"", ""seed"": 5}"
exp2_topology,mackey_glass,random,,6.0,nrmse,0.0041648522947467,"{""task"": ""mackey_glass"", ""topology"": ""random"", ""seed"": 6}"
exp2_topology,mackey_glass,random,,6.0,mean_degree,38.05,"{""task"": ""mackey_glass"", ""topology"": ""random"", ""seed"": 6}"
exp2_topology,mackey_glass,random,,6.0,clustering,0.1937395670549839,"{""task"": ""mackey_glass"", ""topology"": ""random"", ""seed"": 6}"
exp2_topology,mackey_glass,random,,6.0,avg_path_length,1.8094472361809044,"{""task"": ""mackey_glass"", ""topology"": ""random"", ""seed"": 6}"
exp2_topology,mackey_glass,random,,7.0,nrmse,0.0042964339506029,"{""task"": ""mackey_glass"", ""topology"": ""random"", ""seed"": 7}"
exp2_topology,mackey_glass,random,,7.0,mean_degree,38.25,"{""task"": ""mackey_glass"", ""topology"": ""random"", ""seed"": 7}"
exp2_topology,mackey_glass,random,,7.0,clustering,0.1915943101851036,"{""task"": ""mackey_glass"", ""topology"": ""random"", ""seed"": 7}"
exp2_topology,mackey_glass,random,,7.0,avg_path_length,1.8079396984924625,"{""task"": ""mackey_glass"", ""topology"": ""random"", ""seed"": 7}"
exp2_topology,mackey_glass,small_world,,0.0,nrmse,0.0052463345472856,"{""task"": ""mackey_glass"", ""topology"": ""small_world"", ""seed"": 0}"
exp2_topology,mackey_glass,small_world,,0.0,mean_degree,10.0,"{""task"": ""mackey_glass"", ""topology"": ""small_world"", ""seed"": 0}"
exp2_topology,mackey_glass,small_world,,0.0,clustering,0.4688608891108891,"{""task"": ""mackey_glass"", ""topology"": ""small_world"", ""seed"": 0}"
exp2_topology,mackey_glass,small_world,,0.0,avg_path_length,3.1553768844221106,"{""task"": ""mackey_glass"", ""topology"": ""small_world"", ""seed"": 0}"
exp2_topology,mackey_glass,small_world,,1.0,nrmse,0.0045099754203037,"{""task"": ""mackey_glass"", ""topology"": ""small_world"", ""seed"": 1}"
exp2_topology,mackey_glass,small_world,,1.0,mean_degree,10.0,"{""task"": ""mackey_glass"", ""topology"": ""small_world"", ""seed"": 1}"
exp2_topology,mackey_glass,small_world,,1.0,clustering,0.5019557942057942,"{""task"": ""mackey_glass"", ""topology"": ""small_world"", ""seed"": 1}"
exp2_topology,mackey_glass,small_world,,1.0,avg_path_length,3.241005025125628,"{""task"": ""mackey_glass"", ""topology"": ""small_world"", ""seed"": 1}"
exp2_topology,mackey_glass,small_world,,2.0,nrmse,0.0049688155826915,"{""task"": ""mackey_glass"", ""topology"": ""small_world"", ""seed"": 2}"
exp2_topology,mackey_glass,small_world,,2.0,mean_degree,10.0,"{""task"": ""mackey_glass"", ""topology"": ""small_world"", ""seed"": 2}"
exp2_topology,mackey_glass,small_world,,2.0,clustering,0.494541625041625,"{""task"": ""mackey_glass"", ""topology"": ""small_world"", ""seed"": 2}"
exp2_topology,mackey_glass,small_world,,2.0,avg_path_length,3.2718090452261306,"{""task"": ""mackey_glass"", ""topology"": ""small_world"", ""seed"": 2}"
exp2_topology,mackey_glass,small_world,,3.0,nrmse,0.0049636195215616,"{""task"": ""mackey_glass"", ""topology"": ""small_world"", ""seed"": 3}"
exp2_topology,mackey_glass,small_world,,3.0,mean_degree,10.0,"{""task"": ""mackey_glass"", ""topology"": ""small_world"", ""seed"": 3}"
exp2_topology,mackey_glass,small_world,,3.0,clustering,0.4986901154401154,"{""task"": ""mackey_glass"", ""topology"": ""small_world"", ""seed"": 3}"
exp2_topology,mackey_glass,small_world,,3.0,avg_path_length,3.260653266331658,"{""task"": ""mackey_glass"", ""topology"": ""small_world"", ""seed"": 3}"
exp2_topology,mackey_glass,small_world,,4.0,nrmse,0.0050861618174127,"{""task"": ""mackey_glass"", ""topology"": ""small_world"", ""seed"": 4}"
exp2_topology,mackey_glass,small_world,,4.0,mean_degree,10.0,"{""task"": ""mackey_glass"", ""topology"": ""small_world"", ""seed"": 4}"
exp2_topology,mackey_glass,small_world,,4.0,clustering,0.5060434010434011,"{""task"": ""mackey_glass"", ""topology"": ""small_world"", ""seed"": 4}"
exp2_topology,mackey_glass,small_world,,4.0,avg_path_length,3.301809045226131,"{""task"": ""mackey_glass"", ""topology"": ""small_world"", ""seed"": 4}"
exp2_topology,mackey_glass,small_world,,5.0,nrmse,0.0049956789545131,"{""task"": ""mackey_glass"", ""topology"": ""small_world"", ""seed"": 5}"
exp2_topology,mackey_glass,small_world,,5.0,mean_degree,10.0,"{""task"": ""mackey_glass"", ""topology"": ""small_world"", ""seed"": 5}"
exp2_topology,mackey_glass,small_world,,5.0,clustering,0.5072622932622932,"{""task"": ""mackey_glass"", ""topology"": ""small_world"", ""seed"": 5}"
exp2_topology,mackey_glass,small_world,,5.0,avg_path_length,3.2666331658291456,"{""task"": ""mackey_glass"", ""topology"": ""small_world"", ""seed"": 5}"
exp2_topology,mackey_glass,small_world,,6.0,nrmse,0.0056477374522649,"{""task"": ""mackey_glass"", ""topology"": ""small_world"", ""seed"": 6}"
exp2_topology,mackey_glass,small_world,,6.0,mean_degree,10.0,"{""task"": ""mackey_glass"", ""topology"": ""small_world"", ""seed"": 6}"
exp2_topology,mackey_glass,small_world,,6.0,clustering,0.4862883782883783,"{""task"": ""mackey_glass"", ""topology"": ""small_world"", ""seed"": 6}"
exp2_topology,mackey_glass,small_world,,6.0,avg_path_length,3.1867336683417085,"{""task"": ""mackey_glass"", ""topology"": ""small_world"", ""seed"": 6}"
exp2_topology,mackey_glass,small_world,,7.0,nrmse,0.0055103277345744,"{""task"": ""mackey_glass"", ""topology"": ""small_world"", ""seed"": 7}"
exp2_topology,mackey_glass,small_world,,7.0,mean_degree,10.0,"{""task"": ""mackey_glass"", ""topology"": ""small_world"", ""seed"": 7}"
exp2_topology,mackey_glass,small_world,,7.0,clustering,0.4865948773448773,"{""task"": ""mackey_glass"", ""topology"": ""small_world"", ""seed"": 7}"
exp2_topology,mackey_glass,small_world,,7.0,avg_path_length,3.202562814070352,"{""task"": ""mackey_glass"", ""topology"": ""small_world"", ""seed"": 7}"
exp2_topology,mackey_glass,scale_free,,0.0,nrmse,0.0048845599513551,"{""task"": ""mackey_glass"", ""topology"": ""scale_free"", ""seed"": 0}"
exp2_topology,mackey_glass,scale_free,,0.0,mean_degree,9.75,"{""task"": ""mackey_glass"", ""topology"": ""scale_free"", ""seed"": 0}"
exp2_topology,mackey_glass,scale_free,,0.0,clustering,0.1296057527497914,"{""task"": ""mackey_glass"", ""topology"": ""scale_free"", ""seed"": 0}"
exp2_topology,mackey_glass,scale_free,,0.0,avg_path_length,2.456130653266332,"{""task"": ""mackey_glass"", ""topology"": ""scale_free"", ""seed"": 0}"
exp2_topology,mackey_glass,scale_free,,1.0,nrmse,0.0052252819799659,"{""task"": ""mackey_glass"", ""topology"": ""scale_free"", ""seed"": 1}"
exp2_topology,mackey_glass,scale_free,,1.0,mean_degree,9.75,"{""task"": ""mackey_glass"", ""topology"": ""scale_free"", ""seed"": 1}"
exp2_topology,mackey_glass,scale_free,,1.0,clustering,0.1061169581168495,"{""task"": ""mackey_glass"", ""topology"": ""scale_free"", ""seed"": 1}"
exp2_topology,mackey_glass,scale_free,,1.0,avg_path_length,2.501256281407035,"{""task"": ""mackey_glass"", ""topology"": ""scale_free"", ""seed"": 1}"
exp2_topology,mackey_glass,scale_free,,2.0,nrmse,0.0053581496991851,"{""task"": ""mackey_glass"", ""topology"": ""scale_free"", ""seed"": 2}"
exp2_topology,mackey_glass,scale_free,,2.0,mean_degree,9.75,"{""task"": ""mackey_glass"", ""topology"": ""scale_free"", ""seed"": 2}"
exp2_topology,mackey_glass,scale_free,,2.0,clustering,0.1111786320557255,"{""task"": ""mackey_glass"", ""topology"": ""scale_free"", ""seed"": 2}"
exp2_topology,mackey_glass,scale_free,,2.0,avg_path_length,2.490050251256281,"{""task"": ""mackey_glass"", ""topology"": ""scale_free"", ""seed"": 2}"
exp2_topology,mackey_glass,scale_free,,3.0,nrmse,0.0049449444004493,"{""task"": ""mackey_glass"", ""topology"": ""scale_free"", ""seed"": 3}"
exp2_topology,mackey_glass,scale_free,,3.0,mean_degree,9.75,"{""task"": ""mackey_glass"", ""topology"": ""scale_free"", ""seed"": 3}"
exp2_topology,mackey_glass,scale_free,,3.0,clustering,0.1223247081680308,"{""task"": ""mackey_glass"", ""topology"": ""scale_free"", ""seed"": 3}"
exp2_topology,mackey_glass,scale_free,,3.0,avg_path_length,2.465628140703517,"{""task"": ""mackey_glass"", ""topology"": ""scale_free"", ""seed"": 3}"
exp2_topology,mackey_glass,scale_free,,4.0,nrmse,0.0054231629729805,"{""task"": ""mackey_glass"", ""topology"": ""scale_free"", ""seed"": 4}"
exp2_topology,mackey_glass,scale_free,,4.0,mean_degree,9.75,"{""task"": ""mackey_glass"", ""topology"": ""scale_free"", ""seed"": 4}"
exp2_topology,mackey_glass,scale_free,,4.0,clustering,0.1131905841651611,"{""task"": ""mackey_glass"", ""topology"": ""scale_free"", ""seed"": 4}"
exp2_topology,mackey_glass,scale_free,,4.0,avg_path_length,2.482110552763819,"{""task"": ""mackey_glass"", ""topology"": ""scale_free"", ""seed"": 4}"
exp2_topology,mackey_glass,scale_free,,5.0,nrmse,0.005232543650468,"{""task"": ""mackey_glass"", ""topology"": ""scale_free"", ""seed"": 5}"
exp2_topology,mackey_glass,scale_free,,5.0,mean_degree,9.75,"{""task"": ""mackey_glass"", ""topology"": ""scale_free"", ""seed"": 5}"
exp2_topology,mackey_glass,scale_free,,5.0,clustering,0.1189610969749502,"{""task"": ""mackey_glass"", ""topology"": ""scale_free"", ""seed"": 5}"
exp2_topology,mackey_glass,scale_free,,5.0,avg_path_length,2.4895477386934672,"{""task"": ""mackey_glass"", ""topology"": ""scale_free"", ""seed"": 5}"
exp2_topology,mackey_glass,scale_free,,6.0,nrmse,0.005723156341676,"{""task"": ""mackey_glass"", ""topology"": ""scale_free"", ""seed"": 6}"
exp2_topology,mackey_glass,scale_free,,6.0,mean_degree,9.75,"{""task"": ""mackey_glass"", ""topology"": ""scale_free"", ""seed"": 6}"
exp2_topology,mackey_glass,scale_free,,6.0,clustering,0.1198710193975505,"{""task"": ""mackey_glass"", ""topology"": ""scale_free"", ""seed"": 6}"
exp2_topology,mackey_glass,scale_free,,6.0,avg_path_length,2.471256281407036,"{""task"": ""mackey_glass"", ""topology"": ""scale_free"", ""seed"": 6}"
exp2_topology,mackey_glass,scale_free,,7.0,nrmse,0.0050658206230547,"{""task"": ""mackey_glass"", ""topology"": ""scale_free"", ""seed"": 7}"
exp2_topology,mackey_glass,scale_free,,7.0,mean_degree,9.75,"{""task"": ""mackey_glass"", ""topology"": ""scale_free"", ""seed"": 7}"
exp2_topology,mackey_glass,scale_free,,7.0,clustering,0.1229895951120123,"{""task"": ""mackey_glass"", ""topology"": ""scale_free"", ""seed"": 7}"
exp2_topology,mackey_glass,scale_free,,7.0,avg_path_length,2.474221105527638,"{""task"": ""mackey_glass"", ""topology"": ""scale_free"", ""seed"": 7}"
exp2_topology,mackey_glass,ring,,0.0,nrmse,0.0048863710078221,"{""task"": ""mackey_glass"", ""topology"": ""ring"", ""seed"": 0}"
exp2_topology,mackey_glass,ring,,0.0,mean_degree,2.0,"{""task"": ""mackey_glass"", ""topology"": ""ring"", ""seed"": 0}"
exp2_topology,mackey_glass,ring,,0.0,clustering,0.0,"{""task"": ""mackey_glass"", ""topology"": ""ring"", ""seed"": 0}"
exp2_topology,mackey_glass,ring,,0.0,avg_path_length,50.25125628140704,"{""task"": ""mackey_glass"", ""topology"": ""ring"", ""seed"": 0}"
exp2_topology,mackey_glass,ring,,1.0,nrmse,0.0074822727770773,"{""task"": ""mackey_glass"", ""topology"": ""ring"", ""seed"": 1}"
exp2_topology,mackey_glass,ring,,1.0,mean_degree,2.0,"{""task"": ""mackey_glass"", ""topology"": ""ring"", ""seed"": 1}"
exp2_topology,mackey_glass,ring,,1.0,clustering,0.0,"{""task"": ""mackey_glass"", ""topology"": ""ring"", ""seed"": 1}"
exp2_topology,mackey_glass,ring,,1.0,avg_path_length,50.25125628140704,"{""task"": ""mackey_glass"", ""topology"": ""ring"", ""seed"": 1}"
exp2_topology,mackey_glass,ring,,2.0,nrmse,0.021526076711443,"{""task"": ""mackey_glass"", ""topology"": ""ring"", ""seed"": 2}"
exp2_topology,mackey_glass,ring,,2.0,mean_degree,2.0,"{""task"": ""mackey_glass"", ""topology"": ""ring"", ""seed"": 2}"
exp2_topology,mackey_glass,ring,,2.0,clustering,0.0,"{""task"": ""mackey_glass"", ""topology"": ""ring"", ""seed"": 2}"
exp2_topology,mackey_glass,ring,,2.0,avg_path_length,50.25125628140704,"{""task"": ""mackey_glass"", ""topology"": ""ring"", ""seed"": 2}"
exp2_topology,mackey_glass,ring,,3.0,nrmse,0.0368444304852745,"{""task"": ""mackey_glass"", ""topology"": ""ring"", ""seed"": 3}"
exp2_topology,mackey_glass,ring,,3.0,mean_degree,2.0,"{""task"": ""mackey_glass"", ""topology"": ""ring"", ""seed"": 3}"
exp2_topology,mackey_glass,ring,,3.0,clustering,0.0,"{""task"": ""mackey_glass"", ""topology"": ""ring"", ""seed"": 3}"
exp2_topology,mackey_glass,ring,,3.0,avg_path_length,50.25125628140704,"{""task"": ""mackey_glass"", ""topology"": ""ring"", ""seed"": 3}"
exp2_topology,mackey_glass,ring,,4.0,nrmse,0.0142776309038905,"{""task"": ""mackey_glass"", ""topology"": ""ring"", ""seed"": 4}"
exp2_topology,mackey_glass,ring,,4.0,mean_degree,2.0,"{""task"": ""mackey_glass"", ""topology"": ""ring"", ""seed"": 4}"
exp2_topology,mackey_glass,ring,,4.0,clustering,0.0,"{""task"": ""mackey_glass"", ""topology"": ""ring"", ""seed"": 4}"
exp2_topology,mackey_glass,ring,,4.0,avg_path_length,50.25125628140704,"{""task"": ""mackey_glass"", ""topology"": ""ring"", ""seed"": 4}"
exp2_topology,mackey_glass,ring,,5.0,nrmse,0.0127088608396832,"{""task"": ""mackey_glass"", ""topology"": ""ring"", ""seed"": 5}"
exp2_topology,mackey_glass,ring,,5.0,mean_degree,2.0,"{""task"": ""mackey_glass"", ""topology"": ""ring"", ""seed"": 5}"
exp2_topology,mackey_glass,ring,,5.0,clustering,0.0,"{""task"": ""mackey_glass"", ""topology"": ""ring"", ""seed"": 5}"
exp2_topology,mackey_glass,ring,,5.0,avg_path_length,50.25125628140704,"{""task"": ""mackey_glass"", ""topology"": ""ring"", ""seed"": 5}"
exp2_topology,mackey_glass,ring,,6.0,nrmse,0.0046953702523027,"{""task"": ""mackey_glass"", ""topology"": ""ring"", ""seed"": 6}"
exp2_topology,mackey_glass,ring,,6.0,mean_degree,2.0,"{""task"": ""mackey_glass"", ""topology"": ""ring"", ""seed"": 6}"
exp2_topology,mackey_glass,ring,,6.0,clustering,0.0,"{""task"": ""mackey_glass"", ""topology"": ""ring"", ""seed"": 6}"
exp2_topology,mackey_glass,ring,,6.0,avg_path_length,50.25125628140704,"{""task"": ""mackey_glass"", ""topology"": ""ring"", ""seed"": 6}"
exp2_topology,mackey_glass,ring,,7.0,nrmse,0.0046234950250922,"{""task"": ""mackey_glass"", ""topology"": ""ring"", ""seed"": 7}"
exp2_topology,mackey_glass,ring,,7.0,mean_degree,2.0,"{""task"": ""mackey_glass"", ""topology"": ""ring"", ""seed"": 7}"
exp2_topology,mackey_glass,ring,,7.0,clustering,0.0,"{""task"": ""mackey_glass"", ""topology"": ""ring"", ""seed"": 7}"
exp2_topology,mackey_glass,ring,,7.0,avg_path_length,50.25125628140704,"{""task"": ""mackey_glass"", ""topology"": ""ring"", ""seed"": 7}"
exp2_topology_summary,mackey_glass,random,,,nrmse_mean,0.0042740665878207,"{""task"": ""mackey_glass"", ""topology"": ""random""}"
exp2_topology_summary,mackey_glass,random,,,nrmse_std,0.0001939444752703,"{""task"": ""mackey_glass"", ""topology"": ""random""}"
exp2_topology_summary,mackey_glass,random,,,clustering,0.1924187633835635,"{""task"": ""mackey_glass"", ""topology"": ""random""}"
exp2_topology_summary,mackey_glass,random,,,mean_degree,38.025,"{""task"": ""mackey_glass"", ""topology"": ""random""}"
exp2_topology_summary,mackey_glass,ring,,,nrmse_mean,0.0133805635003232,"{""task"": ""mackey_glass"", ""topology"": ""ring""}"
exp2_topology_summary,mackey_glass,ring,,,nrmse_std,0.0111945032643053,"{""task"": ""mackey_glass"", ""topology"": ""ring""}"
exp2_topology_summary,mackey_glass,ring,,,clustering,0.0,"{""task"": ""mackey_glass"", ""topology"": ""ring""}"
exp2_topology_summary,mackey_glass,ring,,,mean_degree,2.0,"{""task"": ""mackey_glass"", ""topology"": ""ring""}"
exp2_topology_summary,mackey_glass,scale_free,,,nrmse_mean,0.0052322024523918,"{""task"": ""mackey_glass"", ""topology"": ""scale_free""}"
exp2_topology_summary,mackey_glass,scale_free,,,nrmse_std,0.0002737224272409,"{""task"": ""mackey_glass"", ""topology"": ""scale_free""}"
exp2_topology_summary,mackey_glass,scale_free,,,clustering,0.1180297933425089,"{""task"": ""mackey_glass"", ""topology"": ""scale_free""}"
exp2_topology_summary,mackey_glass,scale_free,,,mean_degree,9.75,"{""task"": ""mackey_glass"", ""topology"": ""scale_free""}"
exp2_topology_summary,mackey_glass,small_world,,,nrmse_mean,0.0051160813788259,"{""task"": ""mackey_glass"", ""topology"": ""small_world""}"
exp2_topology_summary,mackey_glass,small_world,,,nrmse_std,0.0003551141560646,"{""task"": ""mackey_glass"", ""topology"": ""small_world""}"
exp2_topology_summary,mackey_glass,small_world,,,clustering,0.4937796717171717,"{""task"": ""mackey_glass"", ""topology"": ""small_world""}"
exp2_topology_summary,mackey_glass,small_world,,,mean_degree,10.0,"{""task"": ""mackey_glass"", ""topology"": ""small_world""}"
exp2_topology_summary,narma10,random,,,nrmse_mean,0.2360111138245946,"{""task"": ""narma10"", ""topology"": ""random""}"
exp2_topology_summary,narma10,random,,,nrmse_std,0.0353133502082169,"{""task"": ""narma10"", ""topology"": ""random""}"
exp2_topology_summary,narma10,random,,,clustering,0.1908959502392148,"{""task"": ""narma10"", ""topology"": ""random""}"
exp2_topology_summary,narma10,random,,,mean_degree,38.01,"{""task"": ""narma10"", ""topology"": ""random""}"
exp2_topology_summary,narma10,ring,,,nrmse_mean,0.2348446715121338,"{""task"": ""narma10"", ""topology"": ""ring""}"
exp2_topology_summary,narma10,ring,,,nrmse_std,0.0322858283796348,"{""task"": ""narma10"", ""topology"": ""ring""}"
exp2_topology_summary,narma10,ring,,,clustering,0.0,"{""task"": ""narma10"", ""topology"": ""ring""}"
exp2_topology_summary,narma10,ring,,,mean_degree,2.0,"{""task"": ""narma10"", ""topology"": ""ring""}"
exp2_topology_summary,narma10,scale_free,,,nrmse_mean,0.2529938863885895,"{""task"": ""narma10"", ""topology"": ""scale_free""}"
exp2_topology_summary,narma10,scale_free,,,nrmse_std,0.0330244921893364,"{""task"": ""narma10"", ""topology"": ""scale_free""}"
exp2_topology_summary,narma10,scale_free,,,clustering,0.1174004599008324,"{""task"": ""narma10"", ""topology"": ""scale_free""}"
exp2_topology_summary,narma10,scale_free,,,mean_degree,9.75,"{""task"": ""narma10"", ""topology"": ""scale_free""}"
exp2_topology_summary,narma10,small_world,,,nrmse_mean,0.2475318509084479,"{""task"": ""narma10"", ""topology"": ""small_world""}"
exp2_topology_summary,narma10,small_world,,,nrmse_std,0.0277765010835527,"{""task"": ""narma10"", ""topology"": ""small_world""}"
exp2_topology_summary,narma10,small_world,,,clustering,0.490845748001998,"{""task"": ""narma10"", ""topology"": ""small_world""}"
exp2_topology_summary,narma10,small_world,,,mean_degree,10.0,"{""task"": ""narma10"", ""topology"": ""small_world""}"
exp3_convergence,narma10,,,,fedavg_nrmse,0.986104872821552,"{""round"": 1.0}"
exp3_convergence,narma10,,,,exact_nrmse,0.2317430246879019,"{""round"": 1.0}"
exp3_convergence,narma10,,,,fedavg_nrmse,0.9808764252688807,"{""round"": 2.0}"
exp3_convergence,narma10,,,,exact_nrmse,0.2317430246879019,"{""round"": 2.0}"
exp3_convergence,narma10,,,,fedavg_nrmse,0.9757949121820176,"{""round"": 3.0}"
exp3_convergence,narma10,,,,exact_nrmse,0.2317430246879019,"{""round"": 3.0}"
exp3_convergence,narma10,,,,fedavg_nrmse,0.9708580029010562,"{""round"": 4.0}"
exp3_convergence,narma10,,,,exact_nrmse,0.2317430246879019,"{""round"": 4.0}"
exp3_convergence,narma10,,,,fedavg_nrmse,0.9660620310145106,"{""round"": 5.0}"
exp3_convergence,narma10,,,,exact_nrmse,0.2317430246879019,"{""round"": 5.0}"
exp3_convergence,narma10,,,,fedavg_nrmse,0.9614033974588928,"{""round"": 6.0}"
exp3_convergence,narma10,,,,exact_nrmse,0.2317430246879019,"{""round"": 6.0}"
exp3_convergence,narma10,,,,fedavg_nrmse,0.9568785703939404,"{""round"": 7.0}"
exp3_convergence,narma10,,,,exact_nrmse,0.2317430246879019,"{""round"": 7.0}"
exp3_convergence,narma10,,,,fedavg_nrmse,0.9524840850192836,"{""round"": 8.0}"
exp3_convergence,narma10,,,,exact_nrmse,0.2317430246879019,"{""round"": 8.0}"
exp3_convergence,narma10,,,,fedavg_nrmse,0.9482165433532428,"{""round"": 9.0}"
exp3_convergence,narma10,,,,exact_nrmse,0.2317430246879019,"{""round"": 9.0}"
exp3_convergence,narma10,,,,fedavg_nrmse,0.9440726139734256,"{""round"": 10.0}"
exp3_convergence,narma10,,,,exact_nrmse,0.2317430246879019,"{""round"": 10.0}"
exp3_convergence,narma10,,,,fedavg_nrmse,0.9400490317189982,"{""round"": 11.0}"
exp3_convergence,narma10,,,,exact_nrmse,0.2317430246879019,"{""round"": 11.0}"
exp3_convergence,narma10,,,,fedavg_nrmse,0.936142597354708,"{""round"": 12.0}"
exp3_convergence,narma10,,,,exact_nrmse,0.2317430246879019,"{""round"": 12.0}"
exp3_convergence,narma10,,,,fedavg_nrmse,0.9323501771969256,"{""round"": 13.0}"
exp3_convergence,narma10,,,,exact_nrmse,0.2317430246879019,"{""round"": 13.0}"
exp3_convergence,narma10,,,,fedavg_nrmse,0.9286687027021492,"{""round"": 14.0}"
exp3_convergence,narma10,,,,exact_nrmse,0.2317430246879019,"{""round"": 14.0}"
exp3_convergence,narma10,,,,fedavg_nrmse,0.9250951700185844,"{""round"": 15.0}"
exp3_convergence,narma10,,,,exact_nrmse,0.2317430246879019,"{""round"": 15.0}"
exp3_convergence,narma10,,,,fedavg_nrmse,0.921626639501564,"{""round"": 16.0}"
exp3_convergence,narma10,,,,exact_nrmse,0.2317430246879019,"{""round"": 16.0}"
exp3_convergence,narma10,,,,fedavg_nrmse,0.918260235193716,"{""round"": 17.0}"
exp3_convergence,narma10,,,,exact_nrmse,0.2317430246879019,"{""round"": 17.0}"
exp3_convergence,narma10,,,,fedavg_nrmse,0.9149931442709152,"{""round"": 18.0}"
exp3_convergence,narma10,,,,exact_nrmse,0.2317430246879019,"{""round"": 18.0}"
exp3_convergence,narma10,,,,fedavg_nrmse,0.9118226164551696,"{""round"": 19.0}"
exp3_convergence,narma10,,,,exact_nrmse,0.2317430246879019,"{""round"": 19.0}"
exp3_convergence,narma10,,,,fedavg_nrmse,0.9087459633956988,"{""round"": 20.0}"
exp3_convergence,narma10,,,,exact_nrmse,0.2317430246879019,"{""round"": 20.0}"
exp3_convergence,narma10,,,,fedavg_nrmse,0.90576055801955,"{""round"": 21.0}"
exp3_convergence,narma10,,,,exact_nrmse,0.2317430246879019,"{""round"": 21.0}"
exp3_convergence,narma10,,,,fedavg_nrmse,0.9028638338531788,"{""round"": 22.0}"
exp3_convergence,narma10,,,,exact_nrmse,0.2317430246879019,"{""round"": 22.0}"
exp3_convergence,narma10,,,,fedavg_nrmse,0.9000532843164799,"{""round"": 23.0}"
exp3_convergence,narma10,,,,exact_nrmse,0.2317430246879019,"{""round"": 23.0}"
exp3_convergence,narma10,,,,fedavg_nrmse,0.8973264619908258,"{""round"": 24.0}"
exp3_convergence,narma10,,,,exact_nrmse,0.2317430246879019,"{""round"": 24.0}"
exp3_convergence,narma10,,,,fedavg_nrmse,0.894680977862695,"{""round"": 25.0}"
exp3_convergence,narma10,,,,exact_nrmse,0.2317430246879019,"{""round"": 25.0}"
exp3_convergence,narma10,,,,fedavg_nrmse,0.892114500544518,"{""round"": 26.0}"
exp3_convergence,narma10,,,,exact_nrmse,0.2317430246879019,"{""round"": 26.0}"
exp3_convergence,narma10,,,,fedavg_nrmse,0.8896247554743918,"{""round"": 27.0}"
exp3_convergence,narma10,,,,exact_nrmse,0.2317430246879019,"{""round"": 27.0}"
exp3_convergence,narma10,,,,fedavg_nrmse,0.8872095240963191,"{""round"": 28.0}"
exp3_convergence,narma10,,,,exact_nrmse,0.2317430246879019,"{""round"": 28.0}"
exp3_convergence,narma10,,,,fedavg_nrmse,0.884866643022645,"{""round"": 29.0}"
exp3_convergence,narma10,,,,exact_nrmse,0.2317430246879019,"{""round"": 29.0}"
exp3_convergence,narma10,,,,fedavg_nrmse,0.8825940031803496,"{""round"": 30.0}"
exp3_convergence,narma10,,,,exact_nrmse,0.2317430246879019,"{""round"": 30.0}"
exp3_convergence,narma10,,,,fedavg_nrmse,0.8803895489428567,"{""round"": 31.0}"
exp3_convergence,narma10,,,,exact_nrmse,0.2317430246879019,"{""round"": 31.0}"
exp3_convergence,narma10,,,,fedavg_nrmse,0.8782512772489839,"{""round"": 32.0}"
exp3_convergence,narma10,,,,exact_nrmse,0.2317430246879019,"{""round"": 32.0}"
exp3_convergence,narma10,,,,fedavg_nrmse,0.8761772367106538,"{""round"": 33.0}"
exp3_convergence,narma10,,,,exact_nrmse,0.2317430246879019,"{""round"": 33.0}"
exp3_convergence,narma10,,,,fedavg_nrmse,0.8741655267109402,"{""round"": 34.0}"
exp3_convergence,narma10,,,,exact_nrmse,0.2317430246879019,"{""round"": 34.0}"
exp3_convergence,narma10,,,,fedavg_nrmse,0.8722142964939986,"{""round"": 35.0}"
exp3_convergence,narma10,,,,exact_nrmse,0.2317430246879019,"{""round"": 35.0}"
exp3_convergence,narma10,,,,fedavg_nrmse,0.8703217442483834,"{""round"": 36.0}"
exp3_convergence,narma10,,,,exact_nrmse,0.2317430246879019,"{""round"": 36.0}"
exp3_convergence,narma10,,,,fedavg_nrmse,0.8684861161852148,"{""round"": 37.0}"
exp3_convergence,narma10,,,,exact_nrmse,0.2317430246879019,"{""round"": 37.0}"
exp3_convergence,narma10,,,,fedavg_nrmse,0.8667057056126075,"{""round"": 38.0}"
exp3_convergence,narma10,,,,exact_nrmse,0.2317430246879019,"{""round"": 38.0}"
exp3_convergence,narma10,,,,fedavg_nrmse,0.8649788520077255,"{""round"": 39.0}"
exp3_convergence,narma10,,,,exact_nrmse,0.2317430246879019,"{""round"": 39.0}"
exp3_convergence,narma10,,,,fedavg_nrmse,0.8633039400877743,"{""round"": 40.0}"
exp3_convergence,narma10,,,,exact_nrmse,0.2317430246879019,"{""round"": 40.0}"
exp3_convergence,narma10,,,,fedavg_nrmse,0.861679398881184,"{""round"": 41.0}"
exp3_convergence,narma10,,,,exact_nrmse,0.2317430246879019,"{""round"": 41.0}"
exp3_convergence,narma10,,,,fedavg_nrmse,0.8601037008001822,"{""round"": 42.0}"
exp3_convergence,narma10,,,,exact_nrmse,0.2317430246879019,"{""round"": 42.0}"
exp3_convergence,narma10,,,,fedavg_nrmse,0.8585753607159023,"{""round"": 43.0}"
exp3_convergence,narma10,,,,exact_nrmse,0.2317430246879019,"{""round"": 43.0}"
exp3_convergence,narma10,,,,fedavg_nrmse,0.8570929350371072,"{""round"": 44.0}"
exp3_convergence,narma10,,,,exact_nrmse,0.2317430246879019,"{""round"": 44.0}"
exp3_convergence,narma10,,,,fedavg_nrmse,0.8556550207935505,"{""round"": 45.0}"
exp3_convergence,narma10,,,,exact_nrmse,0.2317430246879019,"{""round"": 45.0}"
exp3_convergence,narma10,,,,fedavg_nrmse,0.8542602547249494,"{""round"": 46.0}"
exp3_convergence,narma10,,,,exact_nrmse,0.2317430246879019,"{""round"": 46.0}"
exp3_convergence,narma10,,,,fedavg_nrmse,0.852907312376467,"{""round"": 47.0}"
exp3_convergence,narma10,,,,exact_nrmse,0.2317430246879019,"{""round"": 47.0}"
exp3_convergence,narma10,,,,fedavg_nrmse,0.8515949072015601,"{""round"": 48.0}"
exp3_convergence,narma10,,,,exact_nrmse,0.2317430246879019,"{""round"": 48.0}"
exp3_convergence,narma10,,,,fedavg_nrmse,0.8503217896729818,"{""round"": 49.0}"
exp3_convergence,narma10,,,,exact_nrmse,0.2317430246879019,"{""round"": 49.0}"
exp3_convergence,narma10,,,,fedavg_nrmse,0.8490867464026745,"{""round"": 50.0}"
exp3_convergence,narma10,,,,exact_nrmse,0.2317430246879019,"{""round"": 50.0}"
exp3_convergence,narma10,,,,fedavg_nrmse,0.8478885992712333,"{""round"": 51.0}"
exp3_convergence,narma10,,,,exact_nrmse,0.2317430246879019,"{""round"": 51.0}"
exp3_convergence,narma10,,,,fedavg_nrmse,0.8467262045675684,"{""round"": 52.0}"
exp3_convergence,narma10,,,,exact_nrmse,0.2317430246879019,"{""round"": 52.0}"
exp3_convergence,narma10,,,,fedavg_nrmse,0.8455984521393364,"{""round"": 53.0}"
exp3_convergence,narma10,,,,exact_nrmse,0.2317430246879019,"{""round"": 53.0}"
exp3_convergence,narma10,,,,fedavg_nrmse,0.8445042645546673,"{""round"": 54.0}"
exp3_convergence,narma10,,,,exact_nrmse,0.2317430246879019,"{""round"": 54.0}"
exp3_convergence,narma10,,,,fedavg_nrmse,0.8434425962756579,"{""round"": 55.0}"
exp3_convergence,narma10,,,,exact_nrmse,0.2317430246879019,"{""round"": 55.0}"
exp3_convergence,narma10,,,,fedavg_nrmse,0.8424124328440583,"{""round"": 56.0}"
exp3_convergence,narma10,,,,exact_nrmse,0.2317430246879019,"{""round"": 56.0}"
exp3_convergence,narma10,,,,fedavg_nrmse,0.8414127900795332,"{""round"": 57.0}"
exp3_convergence,narma10,,,,exact_nrmse,0.2317430246879019,"{""round"": 57.0}"
exp3_convergence,narma10,,,,fedavg_nrmse,0.8404427132908298,"{""round"": 58.0}"
exp3_convergence,narma10,,,,exact_nrmse,0.2317430246879019,"{""round"": 58.0}"
exp3_convergence,narma10,,,,fedavg_nrmse,0.8395012765001526,"{""round"": 59.0}"
exp3_convergence,narma10,,,,exact_nrmse,0.2317430246879019,"{""round"": 59.0}"
exp3_convergence,narma10,,,,fedavg_nrmse,0.838587581680994,"{""round"": 60.0}"
exp3_convergence,narma10,,,,exact_nrmse,0.2317430246879019,"{""round"": 60.0}"
exp3_convergence,narma10,,,,fedavg_nrmse,0.8377007580096374,"{""round"": 61.0}"
exp3_convergence,narma10,,,,exact_nrmse,0.2317430246879019,"{""round"": 61.0}"
exp3_convergence,narma10,,,,fedavg_nrmse,0.8368399611305142,"{""round"": 62.0}"
exp3_convergence,narma10,,,,exact_nrmse,0.2317430246879019,"{""round"": 62.0}"
exp3_convergence,narma10,,,,fedavg_nrmse,0.836004372435559,"{""round"": 63.0}"
exp3_convergence,narma10,,,,exact_nrmse,0.2317430246879019,"{""round"": 63.0}"
exp3_convergence,narma10,,,,fedavg_nrmse,0.8351931983576736,"{""round"": 64.0}"
exp3_convergence,narma10,,,,exact_nrmse,0.2317430246879019,"{""round"": 64.0}"
exp3_convergence,narma10,,,,fedavg_nrmse,0.8344056696783825,"{""round"": 65.0}"
exp3_convergence,narma10,,,,exact_nrmse,0.2317430246879019,"{""round"": 65.0}"
exp3_convergence,narma10,,,,fedavg_nrmse,0.8336410408497358,"{""round"": 66.0}"
exp3_convergence,narma10,,,,exact_nrmse,0.2317430246879019,"{""round"": 66.0}"
exp3_convergence,narma10,,,,fedavg_nrmse,0.83289858933048,"{""round"": 67.0}"
exp3_convergence,narma10,,,,exact_nrmse,0.2317430246879019,"{""round"": 67.0}"
exp3_convergence,narma10,,,,fedavg_nrmse,0.8321776149365022,"{""round"": 68.0}"
exp3_convergence,narma10,,,,exact_nrmse,0.2317430246879019,"{""round"": 68.0}"
exp3_convergence,narma10,,,,fedavg_nrmse,0.8314774392055222,"{""round"": 69.0}"
exp3_convergence,narma10,,,,exact_nrmse,0.2317430246879019,"{""round"": 69.0}"
exp3_convergence,narma10,,,,fedavg_nrmse,0.830797404775987,"{""round"": 70.0}"
exp3_convergence,narma10,,,,exact_nrmse,0.2317430246879019,"{""round"": 70.0}"
exp3_convergence,narma10,,,,fedavg_nrmse,0.830136874780104,"{""round"": 71.0}"
exp3_convergence,narma10,,,,exact_nrmse,0.2317430246879019,"{""round"": 71.0}"
exp3_convergence,narma10,,,,fedavg_nrmse,0.8294952322509286,"{""round"": 72.0}"
exp3_convergence,narma10,,,,exact_nrmse,0.2317430246879019,"{""round"": 72.0}"
exp3_convergence,narma10,,,,fedavg_nrmse,0.8288718795434018,"{""round"": 73.0}"
exp3_convergence,narma10,,,,exact_nrmse,0.2317430246879019,"{""round"": 73.0}"
exp3_convergence,narma10,,,,fedavg_nrmse,0.8282662377692239,"{""round"": 74.0}"
exp3_convergence,narma10,,,,exact_nrmse,0.2317430246879019,"{""round"": 74.0}"
exp3_convergence,narma10,,,,fedavg_nrmse,0.8276777462454284,"{""round"": 75.0}"
exp3_convergence,narma10,,,,exact_nrmse,0.2317430246879019,"{""round"": 75.0}"
exp3_convergence,narma10,,,,fedavg_nrmse,0.8271058619565147,"{""round"": 76.0}"
exp3_convergence,narma10,,,,exact_nrmse,0.2317430246879019,"{""round"": 76.0}"
exp3_convergence,narma10,,,,fedavg_nrmse,0.8265500590299761,"{""round"": 77.0}"
exp3_convergence,narma10,,,,exact_nrmse,0.2317430246879019,"{""round"": 77.0}"
exp3_convergence,narma10,,,,fedavg_nrmse,0.8260098282250605,"{""round"": 78.0}"
exp3_convergence,narma10,,,,exact_nrmse,0.2317430246879019,"{""round"": 78.0}"
exp3_convergence,narma10,,,,fedavg_nrmse,0.8254846764345807,"{""round"": 79.0}"
exp3_convergence,narma10,,,,exact_nrmse,0.2317430246879019,"{""round"": 79.0}"
exp3_convergence,narma10,,,,fedavg_nrmse,0.8249741261995897,"{""round"": 80.0}"
exp3_convergence,narma10,,,,exact_nrmse,0.2317430246879019,"{""round"": 80.0}"
exp3_convergence,narma10,,,,fedavg_nrmse,0.8244777152367241,"{""round"": 81.0}"
exp3_convergence,narma10,,,,exact_nrmse,0.2317430246879019,"{""round"": 81.0}"
exp3_convergence,narma10,,,,fedavg_nrmse,0.8239949959780153,"{""round"": 82.0}"
exp3_convergence,narma10,,,,exact_nrmse,0.2317430246879019,"{""round"": 82.0}"
exp3_convergence,narma10,,,,fedavg_nrmse,0.8235255351229592,"{""round"": 83.0}"
exp3_convergence,narma10,,,,exact_nrmse,0.2317430246879019,"{""round"": 83.0}"
exp3_convergence,narma10,,,,fedavg_nrmse,0.8230689132026335,"{""round"": 84.0}"
exp3_convergence,narma10,,,,exact_nrmse,0.2317430246879019,"{""round"": 84.0}"
exp3_convergence,narma10,,,,fedavg_nrmse,0.822624724155642,"{""round"": 85.0}"
exp3_convergence,narma10,,,,exact_nrmse,0.2317430246879019,"{""round"": 85.0}"
exp3_convergence,narma10,,,,fedavg_nrmse,0.822192574915668,"{""round"": 86.0}"
exp3_convergence,narma10,,,,exact_nrmse,0.2317430246879019,"{""round"": 86.0}"
exp3_convergence,narma10,,,,fedavg_nrmse,0.821772085010413,"{""round"": 87.0}"
exp3_convergence,narma10,,,,exact_nrmse,0.2317430246879019,"{""round"": 87.0}"
exp3_convergence,narma10,,,,fedavg_nrmse,0.8213628861716922,"{""round"": 88.0}"
exp3_convergence,narma10,,,,exact_nrmse,0.2317430246879019,"{""round"": 88.0}"
exp3_convergence,narma10,,,,fedavg_nrmse,0.8209646219564597,"{""round"": 89.0}"
exp3_convergence,narma10,,,,exact_nrmse,0.2317430246879019,"{""round"": 89.0}"
exp3_convergence,narma10,,,,fedavg_nrmse,0.820576947378539,"{""round"": 90.0}"
exp3_convergence,narma10,,,,exact_nrmse,0.2317430246879019,"{""round"": 90.0}"
exp3_convergence,narma10,,,,fedavg_nrmse,0.8201995285508217,"{""round"": 91.0}"
exp3_convergence,narma10,,,,exact_nrmse,0.2317430246879019,"{""round"": 91.0}"
exp3_convergence,narma10,,,,fedavg_nrmse,0.8198320423377102,"{""round"": 92.0}"
exp3_convergence,narma10,,,,exact_nrmse,0.2317430246879019,"{""round"": 92.0}"
exp3_convergence,narma10,,,,fedavg_nrmse,0.8194741760175751,"{""round"": 93.0}"
exp3_convergence,narma10,,,,exact_nrmse,0.2317430246879019,"{""round"": 93.0}"
exp3_convergence,narma10,,,,fedavg_nrmse,0.8191256269549949,"{""round"": 94.0}"
exp3_convergence,narma10,,,,exact_nrmse,0.2317430246879019,"{""round"": 94.0}"
exp3_convergence,narma10,,,,fedavg_nrmse,0.8187861022825543,"{""round"": 95.0}"
exp3_convergence,narma10,,,,exact_nrmse,0.2317430246879019,"{""round"": 95.0}"
exp3_convergence,narma10,,,,fedavg_nrmse,0.818455318591974,"{""round"": 96.0}"
exp3_convergence,narma10,,,,exact_nrmse,0.2317430246879019,"{""round"": 96.0}"
exp3_convergence,narma10,,,,fedavg_nrmse,0.8181330016343453,"{""round"": 97.0}"
exp3_convergence,narma10,,,,exact_nrmse,0.2317430246879019,"{""round"": 97.0}"
exp3_convergence,narma10,,,,fedavg_nrmse,0.8178188860292512,"{""round"": 98.0}"
exp3_convergence,narma10,,,,exact_nrmse,0.2317430246879019,"{""round"": 98.0}"
exp3_convergence,narma10,,,,fedavg_nrmse,0.8175127149825495,"{""round"": 99.0}"
exp3_convergence,narma10,,,,exact_nrmse,0.2317430246879019,"{""round"": 99.0}"
exp3_convergence,narma10,,,,fedavg_nrmse,0.8172142400126041,"{""round"": 100.0}"
exp3_convergence,narma10,,,,exact_nrmse,0.2317430246879019,"{""round"": 100.0}"
exp3_convergence,narma10,,,,fedavg_nrmse,0.8169232206847469,"{""round"": 101.0}"
exp3_convergence,narma10,,,,exact_nrmse,0.2317430246879019,"{""round"": 101.0}"
exp3_convergence,narma10,,,,fedavg_nrmse,0.8166394243537589,"{""round"": 102.0}"
exp3_convergence,narma10,,,,exact_nrmse,0.2317430246879019,"{""round"": 102.0}"
exp3_convergence,narma10,,,,fedavg_nrmse,0.8163626259141626,"{""round"": 103.0}"
exp3_convergence,narma10,,,,exact_nrmse,0.2317430246879019,"{""round"": 103.0}"
exp3_convergence,narma10,,,,fedavg_nrmse,0.8160926075581175,"{""round"": 104.0}"
exp3_convergence,narma10,,,,exact_nrmse,0.2317430246879019,"{""round"": 104.0}"
exp3_convergence,narma10,,,,fedavg_nrmse,0.8158291585407182,"{""round"": 105.0}"
exp3_convergence,narma10,,,,exact_nrmse,0.2317430246879019,"{""round"": 105.0}"
exp3_convergence,narma10,,,,fedavg_nrmse,0.815572074952495,"{""round"": 106.0}"
exp3_convergence,narma10,,,,exact_nrmse,0.2317430246879019,"{""round"": 106.0}"
exp3_convergence,narma10,,,,fedavg_nrmse,0.8153211594989207,"{""round"": 107.0}"
exp3_convergence,narma10,,,,exact_nrmse,0.2317430246879019,"{""round"": 107.0}"
exp3_convergence,narma10,,,,fedavg_nrmse,0.8150762212867331,"{""round"": 108.0}"
exp3_convergence,narma10,,,,exact_nrmse,0.2317430246879019,"{""round"": 108.0}"
exp3_convergence,narma10,,,,fedavg_nrmse,0.8148370756168829,"{""round"": 109.0}"
exp3_convergence,narma10,,,,exact_nrmse,0.2317430246879019,"{""round"": 109.0}"
exp3_convergence,narma10,,,,fedavg_nrmse,0.8146035437839235,"{""round"": 110.0}"
exp3_convergence,narma10,,,,exact_nrmse,0.2317430246879019,"{""round"": 110.0}"
exp3_convergence,narma10,,,,fedavg_nrmse,0.8143754528816608,"{""round"": 111.0}"
exp3_convergence,narma10,,,,exact_nrmse,0.2317430246879019,"{""round"": 111.0}"
exp3_convergence,narma10,,,,fedavg_nrmse,0.8141526356148858,"{""round"": 112.0}"
exp3_convergence,narma10,,,,exact_nrmse,0.2317430246879019,"{""round"": 112.0}"
exp3_convergence,narma10,,,,fedavg_nrmse,0.8139349301170175,"{""round"": 113.0}"
exp3_convergence,narma10,,,,exact_nrmse,0.2317430246879019,"{""round"": 113.0}"
exp3_convergence,narma10,,,,fedavg_nrmse,0.8137221797734844,"{""round"": 114.0}"
exp3_convergence,narma10,,,,exact_nrmse,0.2317430246879019,"{""round"": 114.0}"
exp3_convergence,narma10,,,,fedavg_nrmse,0.8135142330506806,"{""round"": 115.0}"
exp3_convergence,narma10,,,,exact_nrmse,0.2317430246879019,"{""round"": 115.0}"
exp3_convergence,narma10,,,,fedavg_nrmse,0.8133109433303326,"{""round"": 116.0}"
exp3_convergence,narma10,,,,exact_nrmse,0.2317430246879019,"{""round"": 116.0}"
exp3_convergence,narma10,,,,fedavg_nrmse,0.8131121687491205,"{""round"": 117.0}"
exp3_convergence,narma10,,,,exact_nrmse,0.2317430246879019,"{""round"": 117.0}"
exp3_convergence,narma10,,,,fedavg_nrmse,0.8129177720433958,"{""round"": 118.0}"
exp3_convergence,narma10,,,,exact_nrmse,0.2317430246879019,"{""round"": 118.0}"
exp3_convergence,narma10,,,,fedavg_nrmse,0.8127276203988473,"{""round"": 119.0}"
exp3_convergence,narma10,,,,exact_nrmse,0.2317430246879019,"{""round"": 119.0}"
exp3_convergence,narma10,,,,fedavg_nrmse,0.8125415853049693,"{""round"": 120.0}"
exp3_convergence,narma10,,,,exact_nrmse,0.2317430246879019,"{""round"": 120.0}"
exp3_convergence,narma10,,,,fedavg_nrmse,0.8123595424141828,"{""round"": 121.0}"
exp3_convergence,narma10,,,,exact_nrmse,0.2317430246879019,"{""round"": 121.0}"
exp3_convergence,narma10,,,,fedavg_nrmse,0.8121813714054759,"{""round"": 122.0}"
exp3_convergence,narma10,,,,exact_nrmse,0.2317430246879019,"{""round"": 122.0}"
exp3_convergence,narma10,,,,fedavg_nrmse,0.8120069558524234,"{""round"": 123.0}"
exp3_convergence,narma10,,,,exact_nrmse,0.2317430246879019,"{""round"": 123.0}"
exp3_convergence,narma10,,,,fedavg_nrmse,0.8118361830954547,"{""round"": 124.0}"
exp3_convergence,narma10,,,,exact_nrmse,0.2317430246879019,"{""round"": 124.0}"
exp3_convergence,narma10,,,,fedavg_nrmse,0.8116689441182381,"{""round"": 125.0}"
exp3_convergence,narma10,,,,exact_nrmse,0.2317430246879019,"{""round"": 125.0}"
exp3_convergence,narma10,,,,fedavg_nrmse,0.811505133428058,"{""round"": 126.0}"
exp3_convergence,narma10,,,,exact_nrmse,0.2317430246879019,"{""round"": 126.0}"
exp3_convergence,narma10,,,,fedavg_nrmse,0.8113446489400623,"{""round"": 127.0}"
exp3_convergence,narma10,,,,exact_nrmse,0.2317430246879019,"{""round"": 127.0}"
exp3_convergence,narma10,,,,fedavg_nrmse,0.8111873918652579,"{""round"": 128.0}"
exp3_convergence,narma10,,,,exact_nrmse,0.2317430246879019,"{""round"": 128.0}"
exp3_convergence,narma10,,,,fedavg_nrmse,0.811033266602142,"{""round"": 129.0}"
exp3_convergence,narma10,,,,exact_nrmse,0.2317430246879019,"{""round"": 129.0}"
exp3_convergence,narma10,,,,fedavg_nrmse,0.8108821806318538,"{""round"": 130.0}"
exp3_convergence,narma10,,,,exact_nrmse,0.2317430246879019,"{""round"": 130.0}"
exp3_convergence,narma10,,,,fedavg_nrmse,0.8107340444167381,"{""round"": 131.0}"
exp3_convergence,narma10,,,,exact_nrmse,0.2317430246879019,"{""round"": 131.0}"
exp3_convergence,narma10,,,,fedavg_nrmse,0.8105887713022136,"{""round"": 132.0}"
exp3_convergence,narma10,,,,exact_nrmse,0.2317430246879019,"{""round"": 132.0}"
exp3_convergence,narma10,,,,fedavg_nrmse,0.8104462774218423,"{""round"": 133.0}"
exp3_convergence,narma10,,,,exact_nrmse,0.2317430246879019,"{""round"": 133.0}"
exp3_convergence,narma10,,,,fedavg_nrmse,0.8103064816055001,"{""round"": 134.0}"
exp3_convergence,narma10,,,,exact_nrmse,0.2317430246879019,"{""round"": 134.0}"
exp3_convergence,narma10,,,,fedavg_nrmse,0.8101693052905508,"{""round"": 135.0}"
exp3_convergence,narma10,,,,exact_nrmse,0.2317430246879019,"{""round"": 135.0}"
exp3_convergence,narma10,,,,fedavg_nrmse,0.8100346724359262,"{""round"": 136.0}"
exp3_convergence,narma10,,,,exact_nrmse,0.2317430246879019,"{""round"": 136.0}"
exp3_convergence,narma10,,,,fedavg_nrmse,0.8099025094390239,"{""round"": 137.0}"
exp3_convergence,narma10,,,,exact_nrmse,0.2317430246879019,"{""round"": 137.0}"
exp3_convergence,narma10,,,,fedavg_nrmse,0.809772745055331,"{""round"": 138.0}"
exp3_convergence,narma10,,,,exact_nrmse,0.2317430246879019,"{""round"": 138.0}"
exp3_convergence,narma10,,,,fedavg_nrmse,0.8096453103206857,"{""round"": 139.0}"
exp3_convergence,narma10,,,,exact_nrmse,0.2317430246879019,"{""round"": 139.0}"
exp3_convergence,narma10,,,,fedavg_nrmse,0.8095201384760968,"{""round"": 140.0}"
exp3_convergence,narma10,,,,exact_nrmse,0.2317430246879019,"{""round"": 140.0}"
exp3_convergence,narma10,,,,fedavg_nrmse,0.8093971648950345,"{""round"": 141.0}"
exp3_convergence,narma10,,,,exact_nrmse,0.2317430246879019,"{""round"": 141.0}"
exp3_convergence,narma10,,,,fedavg_nrmse,0.8092763270131159,"{""round"": 142.0}"
exp3_convergence,narma10,,,,exact_nrmse,0.2317430246879019,"{""round"": 142.0}"
exp3_convergence,narma10,,,,fedavg_nrmse,0.809157564260108,"{""round"": 143.0}"
exp3_convergence,narma10,,,,exact_nrmse,0.2317430246879019,"{""round"": 143.0}"
exp3_convergence,narma10,,,,fedavg_nrmse,0.8090408179941723,"{""round"": 144.0}"
exp3_convergence,narma10,,,,exact_nrmse,0.2317430246879019,"{""round"": 144.0}"
exp3_convergence,narma10,,,,fedavg_nrmse,0.8089260314382813,"{""round"": 145.0}"
exp3_convergence,narma10,,,,exact_nrmse,0.2317430246879019,"{""round"": 145.0}"
exp3_convergence,narma10,,,,fedavg_nrmse,0.8088131496187334,"{""round"": 146.0}"
exp3_convergence,narma10,,,,exact_nrmse,0.2317430246879019,"{""round"": 146.0}"
exp3_convergence,narma10,,,,fedavg_nrmse,0.8087021193057004,"{""round"": 147.0}"
exp3_convergence,narma10,,,,exact_nrmse,0.2317430246879019,"{""round"": 147.0}"
exp3_convergence,narma10,,,,fedavg_nrmse,0.808592888955741,"{""round"": 148.0}"
exp3_convergence,narma10,,,,exact_nrmse,0.2317430246879019,"{""round"": 148.0}"
exp3_convergence,narma10,,,,fedavg_nrmse,0.8084854086562177,"{""round"": 149.0}"
exp3_convergence,narma10,,,,exact_nrmse,0.2317430246879019,"{""round"": 149.0}"
exp3_convergence,narma10,,,,fedavg_nrmse,0.8083796300715521,"{""round"": 150.0}"
exp3_convergence,narma10,,,,exact_nrmse,0.2317430246879019,"{""round"": 150.0}"
exp3_convergence,narma10,,,,fedavg_nrmse,0.8082755063912624,"{""round"": 151.0}"
exp3_convergence,narma10,,,,exact_nrmse,0.2317430246879019,"{""round"": 151.0}"
exp3_convergence,narma10,,,,fedavg_nrmse,0.8081729922797222,"{""round"": 152.0}"
exp3_convergence,narma10,,,,exact_nrmse,0.2317430246879019,"{""round"": 152.0}"
exp3_convergence,narma10,,,,fedavg_nrmse,0.8080720438275855,"{""round"": 153.0}"
exp3_convergence,narma10,,,,exact_nrmse,0.2317430246879019,"{""round"": 153.0}"
exp3_convergence,narma10,,,,fedavg_nrmse,0.807972618504824,"{""round"": 154.0}"
exp3_convergence,narma10,,,,exact_nrmse,0.2317430246879019,"{""round"": 154.0}"
exp3_convergence,narma10,,,,fedavg_nrmse,0.8078746751153214,"{""round"": 155.0}"
exp3_convergence,narma10,,,,exact_nrmse,0.2317430246879019,"{""round"": 155.0}"
exp3_convergence,narma10,,,,fedavg_nrmse,0.8077781737529778,"{""round"": 156.0}"
exp3_convergence,narma10,,,,exact_nrmse,0.2317430246879019,"{""round"": 156.0}"
exp3_convergence,narma10,,,,fedavg_nrmse,0.8076830757592689,"{""round"": 157.0}"
exp3_convergence,narma10,,,,exact_nrmse,0.2317430246879019,"{""round"": 157.0}"
exp3_convergence,narma10,,,,fedavg_nrmse,0.8075893436822192,"{""round"": 158.0}"
exp3_convergence,narma10,,,,exact_nrmse,0.2317430246879019,"{""round"": 158.0}"
exp3_convergence,narma10,,,,fedavg_nrmse,0.8074969412367358,"{""round"": 159.0}"
exp3_convergence,narma10,,,,exact_nrmse,0.2317430246879019,"{""round"": 159.0}"
exp3_convergence,narma10,,,,fedavg_nrmse,0.8074058332662616,"{""round"": 160.0}"
exp3_convergence,narma10,,,,exact_nrmse,0.2317430246879019,"{""round"": 160.0}"
exp3_convergence,narma10,,,,fedavg_nrmse,0.807315985705706,"{""round"": 161.0}"
exp3_convergence,narma10,,,,exact_nrmse,0.2317430246879019,"{""round"": 161.0}"
exp3_convergence,narma10,,,,fedavg_nrmse,0.8072273655456053,"{""round"": 162.0}"
exp3_convergence,narma10,,,,exact_nrmse,0.2317430246879019,"{""round"": 162.0}"
exp3_convergence,narma10,,,,fedavg_nrmse,0.8071399407974787,"{""round"": 163.0}"
exp3_convergence,narma10,,,,exact_nrmse,0.2317430246879019,"{""round"": 163.0}"
exp3_convergence,narma10,,,,fedavg_nrmse,0.8070536804603355,"{""round"": 164.0}"
exp3_convergence,narma10,,,,exact_nrmse,0.2317430246879019,"{""round"": 164.0}"
exp3_convergence,narma10,,,,fedavg_nrmse,0.8069685544882974,"{""round"": 165.0}"
exp3_convergence,narma10,,,,exact_nrmse,0.2317430246879019,"{""round"": 165.0}"
exp3_convergence,narma10,,,,fedavg_nrmse,0.8068845337592997,"{""round"": 166.0}"
exp3_convergence,narma10,,,,exact_nrmse,0.2317430246879019,"{""round"": 166.0}"
exp3_convergence,narma10,,,,fedavg_nrmse,0.8068015900448325,"{""round"": 167.0}"
exp3_convergence,narma10,,,,exact_nrmse,0.2317430246879019,"{""round"": 167.0}"
exp3_convergence,narma10,,,,fedavg_nrmse,0.8067196959806933,"{""round"": 168.0}"
exp3_convergence,narma10,,,,exact_nrmse,0.2317430246879019,"{""round"": 168.0}"
exp3_convergence,narma10,,,,fedavg_nrmse,0.8066388250387085,"{""round"": 169.0}"
exp3_convergence,narma10,,,,exact_nrmse,0.2317430246879019,"{""round"": 169.0}"
exp3_convergence,narma10,,,,fedavg_nrmse,0.8065589514994024,"{""round"": 170.0}"
exp3_convergence,narma10,,,,exact_nrmse,0.2317430246879019,"{""round"": 170.0}"
exp3_convergence,narma10,,,,fedavg_nrmse,0.8064800504255721,"{""round"": 171.0}"
exp3_convergence,narma10,,,,exact_nrmse,0.2317430246879019,"{""round"": 171.0}"
exp3_convergence,narma10,,,,fedavg_nrmse,0.8064020976367451,"{""round"": 172.0}"
exp3_convergence,narma10,,,,exact_nrmse,0.2317430246879019,"{""round"": 172.0}"
exp3_convergence,narma10,,,,fedavg_nrmse,0.8063250696844866,"{""round"": 173.0}"
exp3_convergence,narma10,,,,exact_nrmse,0.2317430246879019,"{""round"": 173.0}"
exp3_convergence,narma10,,,,fedavg_nrmse,0.8062489438285306,"{""round"": 174.0}"
exp3_convergence,narma10,,,,exact_nrmse,0.2317430246879019,"{""round"": 174.0}"
exp3_convergence,narma10,,,,fedavg_nrmse,0.8061736980137053,"{""round"": 175.0}"
exp3_convergence,narma10,,,,exact_nrmse,0.2317430246879019,"{""round"": 175.0}"
exp3_convergence,narma10,,,,fedavg_nrmse,0.8060993108476263,"{""round"": 176.0}"
exp3_convergence,narma10,,,,exact_nrmse,0.2317430246879019,"{""round"": 176.0}"
exp3_convergence,narma10,,,,fedavg_nrmse,0.8060257615791359,"{""round"": 177.0}"
exp3_convergence,narma10,,,,exact_nrmse,0.2317430246879019,"{""round"": 177.0}"
exp3_convergence,narma10,,,,fedavg_nrmse,0.8059530300774558,"{""round"": 178.0}"
exp3_convergence,narma10,,,,exact_nrmse,0.2317430246879019,"{""round"": 178.0}"
exp3_convergence,narma10,,,,fedavg_nrmse,0.8058810968120392,"{""round"": 179.0}"
exp3_convergence,narma10,,,,exact_nrmse,0.2317430246879019,"{""round"": 179.0}"
exp3_convergence,narma10,,,,fedavg_nrmse,0.8058099428330909,"{""round"": 180.0}"
exp3_convergence,narma10,,,,exact_nrmse,0.2317430246879019,"{""round"": 180.0}"
exp3_convergence,narma10,,,,fedavg_nrmse,0.8057395497527359,"{""round"": 181.0}"
exp3_convergence,narma10,,,,exact_nrmse,0.2317430246879019,"{""round"": 181.0}"
exp3_convergence,narma10,,,,fedavg_nrmse,0.8056698997268164,"{""round"": 182.0}"
exp3_convergence,narma10,,,,exact_nrmse,0.2317430246879019,"{""round"": 182.0}"
exp3_convergence,narma10,,,,fedavg_nrmse,0.8056009754372947,"{""round"": 183.0}"
exp3_convergence,narma10,,,,exact_nrmse,0.2317430246879019,"{""round"": 183.0}"
exp3_convergence,narma10,,,,fedavg_nrmse,0.8055327600752412,"{""round"": 184.0}"
exp3_convergence,narma10,,,,exact_nrmse,0.2317430246879019,"{""round"": 184.0}"
exp3_convergence,narma10,,,,fedavg_nrmse,0.8054652373243876,"{""round"": 185.0}"
exp3_convergence,narma10,,,,exact_nrmse,0.2317430246879019,"{""round"": 185.0}"
exp3_convergence,narma10,,,,fedavg_nrmse,0.8053983913452301,"{""round"": 186.0}"
exp3_convergence,narma10,,,,exact_nrmse,0.2317430246879019,"{""round"": 186.0}"
exp3_convergence,narma10,,,,fedavg_nrmse,0.805332206759659,"{""round"": 187.0}"
exp3_convergence,narma10,,,,exact_nrmse,0.2317430246879019,"{""round"": 187.0}"
exp3_convergence,narma10,,,,fedavg_nrmse,0.8052666686361005,"{""round"": 188.0}"
exp3_convergence,narma10,,,,exact_nrmse,0.2317430246879019,"{""round"": 188.0}"
exp3_convergence,narma10,,,,fedavg_nrmse,0.8052017624751521,"{""round"": 189.0}"
exp3_convergence,narma10,,,,exact_nrmse,0.2317430246879019,"{""round"": 189.0}"
exp3_convergence,narma10,,,,fedavg_nrmse,0.8051374741956963,"{""round"": 190.0}"
exp3_convergence,narma10,,,,exact_nrmse,0.2317430246879019,"{""round"": 190.0}"
exp3_convergence,narma10,,,,fedavg_nrmse,0.8050737901214757,"{""round"": 191.0}"
exp3_convergence,narma10,,,,exact_nrmse,0.2317430246879019,"{""round"": 191.0}"
exp3_convergence,narma10,,,,fedavg_nrmse,0.8050106969681128,"{""round"": 192.0}"
exp3_convergence,narma10,,,,exact_nrmse,0.2317430246879019,"{""round"": 192.0}"
exp3_convergence,narma10,,,,fedavg_nrmse,0.804948181830563,"{""round"": 193.0}"
exp3_convergence,narma10,,,,exact_nrmse,0.2317430246879019,"{""round"": 193.0}"
exp3_convergence,narma10,,,,fedavg_nrmse,0.8048862321709828,"{""round"": 194.0}"
exp3_convergence,narma10,,,,exact_nrmse,0.2317430246879019,"{""round"": 194.0}"
exp3_convergence,narma10,,,,fedavg_nrmse,0.8048248358070011,"{""round"": 195.0}"
exp3_convergence,narma10,,,,exact_nrmse,0.2317430246879019,"{""round"": 195.0}"
exp3_convergence,narma10,,,,fedavg_nrmse,0.8047639809003801,"{""round"": 196.0}"
exp3_convergence,narma10,,,,exact_nrmse,0.2317430246879019,"{""round"": 196.0}"
exp3_convergence,narma10,,,,fedavg_nrmse,0.804703655946052,"{""round"": 197.0}"
exp3_convergence,narma10,,,,exact_nrmse,0.2317430246879019,"{""round"": 197.0}"
exp3_convergence,narma10,,,,fedavg_nrmse,0.8046438497615187,"{""round"": 198.0}"
exp3_convergence,narma10,,,,exact_nrmse,0.2317430246879019,"{""round"": 198.0}"
exp3_convergence,narma10,,,,fedavg_nrmse,0.8045845514766042,"{""round"": 199.0}"
exp3_convergence,narma10,,,,exact_nrmse,0.2317430246879019,"{""round"": 199.0}"
exp3_convergence,narma10,,,,fedavg_nrmse,0.8045257505235458,"{""round"": 200.0}"
exp3_convergence,narma10,,,,exact_nrmse,0.2317430246879019,"{""round"": 200.0}"
exp3_scaling,narma10,,1.0,0.0,federated_ridge,0.2321212897959464,"{""n_clients"": 1.0, ""seed"": 0.0}"
exp3_scaling,narma10,,1.0,0.0,local_mean,0.2321212897959467,"{""n_clients"": 1.0, ""seed"": 0.0}"
exp3_scaling,narma10,,1.0,1.0,federated_ridge,0.2346989294462352,"{""n_clients"": 1.0, ""seed"": 1.0}"
exp3_scaling,narma10,,1.0,1.0,local_mean,0.2346989294462353,"{""n_clients"": 1.0, ""seed"": 1.0}"
exp3_scaling,narma10,,1.0,2.0,federated_ridge,0.2695903029035492,"{""n_clients"": 1.0, ""seed"": 2.0}"
exp3_scaling,narma10,,1.0,2.0,local_mean,0.2695903029035491,"{""n_clients"": 1.0, ""seed"": 2.0}"
exp3_scaling,narma10,,2.0,0.0,federated_ridge,0.2320664335887844,"{""n_clients"": 2.0, ""seed"": 0.0}"
exp3_scaling,narma10,,2.0,0.0,local_mean,0.2351202108099938,"{""n_clients"": 2.0, ""seed"": 0.0}"
exp3_scaling,narma10,,2.0,1.0,federated_ridge,0.2349169447612694,"{""n_clients"": 2.0, ""seed"": 1.0}"
exp3_scaling,narma10,,2.0,1.0,local_mean,0.2381455718972941,"{""n_clients"": 2.0, ""seed"": 1.0}"
exp3_scaling,narma10,,2.0,2.0,federated_ridge,0.2695480179413446,"{""n_clients"": 2.0, ""seed"": 2.0}"
exp3_scaling,narma10,,2.0,2.0,local_mean,0.271334366934579,"{""n_clients"": 2.0, ""seed"": 2.0}"
exp3_scaling,narma10,,5.0,0.0,federated_ridge,0.2326194994064451,"{""n_clients"": 5.0, ""seed"": 0.0}"
exp3_scaling,narma10,,5.0,0.0,local_mean,0.2474735819430665,"{""n_clients"": 5.0, ""seed"": 0.0}"
exp3_scaling,narma10,,5.0,1.0,federated_ridge,0.2349328876935861,"{""n_clients"": 5.0, ""seed"": 1.0}"
exp3_scaling,narma10,,5.0,1.0,local_mean,0.2460148884827836,"{""n_clients"": 5.0, ""seed"": 1.0}"
exp3_scaling,narma10,,5.0,2.0,federated_ridge,0.2697425207040315,"{""n_clients"": 5.0, ""seed"": 2.0}"
exp3_scaling,narma10,,5.0,2.0,local_mean,0.2774282864322414,"{""n_clients"": 5.0, ""seed"": 2.0}"
exp3_scaling,narma10,,10.0,0.0,federated_ridge,0.2317430246879019,"{""n_clients"": 10.0, ""seed"": 0.0}"
exp3_scaling,narma10,,10.0,0.0,local_mean,0.2647221093469983,"{""n_clients"": 10.0, ""seed"": 0.0}"
exp3_scaling,narma10,,10.0,1.0,federated_ridge,0.2354831997600424,"{""n_clients"": 10.0, ""seed"": 1.0}"
exp3_scaling,narma10,,10.0,1.0,local_mean,0.2639401221474969,"{""n_clients"": 10.0, ""seed"": 1.0}"
exp3_scaling,narma10,,10.0,2.0,federated_ridge,0.2699794084785749,"{""n_clients"": 10.0, ""seed"": 2.0}"
exp3_scaling,narma10,,10.0,2.0,local_mean,0.2894263641506859,"{""n_clients"": 10.0, ""seed"": 2.0}"
exp3_scaling,narma10,,20.0,0.0,federated_ridge,0.2311082145943814,"{""n_clients"": 20.0, ""seed"": 0.0}"
exp3_scaling,narma10,,20.0,0.0,local_mean,0.3276904682866111,"{""n_clients"": 20.0, ""seed"": 0.0}"
exp3_scaling,narma10,,20.0,1.0,federated_ridge,0.2359328201360393,"{""n_clients"": 20.0, ""seed"": 1.0}"
exp3_scaling,narma10,,20.0,1.0,local_mean,0.3031415631761041,"{""n_clients"": 20.0, ""seed"": 1.0}"
exp3_scaling,narma10,,20.0,2.0,federated_ridge,0.2699600737886733,"{""n_clients"": 20.0, ""seed"": 2.0}"
exp3_scaling,narma10,,20.0,2.0,local_mean,0.3264550935838237,"{""n_clients"": 20.0, ""seed"": 2.0}"
exp3_scaling,narma10,,50.0,0.0,federated_ridge,0.2392844783769383,"{""n_clients"": 50.0, ""seed"": 0.0}"
exp3_scaling,narma10,,50.0,0.0,local_mean,0.6557376795977724,"{""n_clients"": 50.0, ""seed"": 0.0}"
exp3_scaling,narma10,,50.0,1.0,federated_ridge,0.2370296555897364,"{""n_clients"": 50.0, ""seed"": 1.0}"
exp3_scaling,narma10,,50.0,1.0,local_mean,0.6219700030632924,"{""n_clients"": 50.0, ""seed"": 1.0}"
exp3_scaling,narma10,,50.0,2.0,federated_ridge,0.2712213593016594,"{""n_clients"": 50.0, ""seed"": 2.0}"
exp3_scaling,narma10,,50.0,2.0,local_mean,0.5807004635516947,"{""n_clients"": 50.0, ""seed"": 2.0}"
exp4_ensemble,narma10,,2.0,0.0,centralized,0.1871192763741962,"{""n_clients"": 2.0, ""seed"": 0.0}"
exp4_ensemble,narma10,,2.0,0.0,local_mean,0.2015552293811506,"{""n_clients"": 2.0, ""seed"": 0.0}"
exp4_ensemble,narma10,,2.0,0.0,local_best,0.1888878233491242,"{""n_clients"": 2.0, ""seed"": 0.0}"
exp4_ensemble,narma10,,2.0,0.0,ensemble,0.1611712280125655,"{""n_clients"": 2.0, ""seed"": 0.0}"
exp4_ensemble,narma10,,2.0,1.0,centralized,0.2526842757701107,"{""n_clients"": 2.0, ""seed"": 1.0}"
exp4_ensemble,narma10,,2.0,1.0,local_mean,0.2645316818942991,"{""n_clients"": 2.0, ""seed"": 1.0}"
exp4_ensemble,narma10,,2.0,1.0,local_best,0.2515117912596303,"{""n_clients"": 2.0, ""seed"": 1.0}"
exp4_ensemble,narma10,,2.0,1.0,ensemble,0.2352982349849167,"{""n_clients"": 2.0, ""seed"": 1.0}"
exp4_ensemble,narma10,,2.0,2.0,centralized,0.2170392491451948,"{""n_clients"": 2.0, ""seed"": 2.0}"
exp4_ensemble,narma10,,2.0,2.0,local_mean,0.2092037573362943,"{""n_clients"": 2.0, ""seed"": 2.0}"
exp4_ensemble,narma10,,2.0,2.0,local_best,0.2022223905578236,"{""n_clients"": 2.0, ""seed"": 2.0}"
exp4_ensemble,narma10,,2.0,2.0,ensemble,0.182563100679619,"{""n_clients"": 2.0, ""seed"": 2.0}"
exp4_ensemble,narma10,,2.0,3.0,centralized,0.1803810756383111,"{""n_clients"": 2.0, ""seed"": 3.0}"
exp4_ensemble,narma10,,2.0,3.0,local_mean,0.21983092498265,"{""n_clients"": 2.0, ""seed"": 3.0}"
exp4_ensemble,narma10,,2.0,3.0,local_best,0.2110136612342163,"{""n_clients"": 2.0, ""seed"": 3.0}"
exp4_ensemble,narma10,,2.0,3.0,ensemble,0.1882861028374449,"{""n_clients"": 2.0, ""seed"": 3.0}"
exp4_ensemble,narma10,,4.0,0.0,centralized,0.2415209523306094,"{""n_clients"": 4.0, ""seed"": 0.0}"
exp4_ensemble,narma10,,4.0,0.0,local_mean,0.2815831302491528,"{""n_clients"": 4.0, ""seed"": 0.0}"
exp4_ensemble,narma10,,4.0,0.0,local_best,0.2347411571705108,"{""n_clients"": 4.0, ""seed"": 0.0}"
exp4_ensemble,narma10,,4.0,0.0,ensemble,0.2410854653958089,"{""n_clients"": 4.0, ""seed"": 0.0}"
exp4_ensemble,narma10,,4.0,1.0,centralized,0.2366853512016291,"{""n_clients"": 4.0, ""seed"": 1.0}"
exp4_ensemble,narma10,,4.0,1.0,local_mean,0.272935102159476,"{""n_clients"": 4.0, ""seed"": 1.0}"
exp4_ensemble,narma10,,4.0,1.0,local_best,0.2323684947898309,"{""n_clients"": 4.0, ""seed"": 1.0}"
exp4_ensemble,narma10,,4.0,1.0,ensemble,0.2240154479860311,"{""n_clients"": 4.0, ""seed"": 1.0}"
exp4_ensemble,narma10,,4.0,2.0,centralized,0.1850425158610885,"{""n_clients"": 4.0, ""seed"": 2.0}"
exp4_ensemble,narma10,,4.0,2.0,local_mean,0.2669676497168485,"{""n_clients"": 4.0, ""seed"": 2.0}"
exp4_ensemble,narma10,,4.0,2.0,local_best,0.2198406661081778,"{""n_clients"": 4.0, ""seed"": 2.0}"
exp4_ensemble,narma10,,4.0,2.0,ensemble,0.2138861582074019,"{""n_clients"": 4.0, ""seed"": 2.0}"
exp4_ensemble,narma10,,4.0,3.0,centralized,0.2031158590000064,"{""n_clients"": 4.0, ""seed"": 3.0}"
exp4_ensemble,narma10,,4.0,3.0,local_mean,0.2591850097639399,"{""n_clients"": 4.0, ""seed"": 3.0}"
exp4_ensemble,narma10,,4.0,3.0,local_best,0.2040418080957889,"{""n_clients"": 4.0, ""seed"": 3.0}"
exp4_ensemble,narma10,,4.0,3.0,ensemble,0.1896095517965495,"{""n_clients"": 4.0, ""seed"": 3.0}"
exp4_ensemble,narma10,,8.0,0.0,centralized,0.2373257851582904,"{""n_clients"": 8.0, ""seed"": 0.0}"
exp4_ensemble,narma10,,8.0,0.0,local_mean,0.3051274733923984,"{""n_clients"": 8.0, ""seed"": 0.0}"
exp4_ensemble,narma10,,8.0,0.0,local_best,0.261845947402982,"{""n_clients"": 8.0, ""seed"": 0.0}"
exp4_ensemble,narma10,,8.0,0.0,ensemble,0.2245664254086692,"{""n_clients"": 8.0, ""seed"": 0.0}"
exp4_ensemble,narma10,,8.0,1.0,centralized,0.239353662619306,"{""n_clients"": 8.0, ""seed"": 1.0}"
exp4_ensemble,narma10,,8.0,1.0,local_mean,0.3005613119119012,"{""n_clients"": 8.0, ""seed"": 1.0}"
exp4_ensemble,narma10,,8.0,1.0,local_best,0.2120415192212584,"{""n_clients"": 8.0, ""seed"": 1.0}"
exp4_ensemble,narma10,,8.0,1.0,ensemble,0.2014079665167356,"{""n_clients"": 8.0, ""seed"": 1.0}"
exp4_ensemble,narma10,,8.0,2.0,centralized,0.2765193458216181,"{""n_clients"": 8.0, ""seed"": 2.0}"
exp4_ensemble,narma10,,8.0,2.0,local_mean,0.3219872972276722,"{""n_clients"": 8.0, ""seed"": 2.0}"
exp4_ensemble,narma10,,8.0,2.0,local_best,0.2428988773539772,"{""n_clients"": 8.0, ""seed"": 2.0}"
exp4_ensemble,narma10,,8.0,2.0,ensemble,0.2504022154225242,"{""n_clients"": 8.0, ""seed"": 2.0}"
exp4_ensemble,narma10,,8.0,3.0,centralized,0.203182526928738,"{""n_clients"": 8.0, ""seed"": 3.0}"
exp4_ensemble,narma10,,8.0,3.0,local_mean,0.2994048102510813,"{""n_clients"": 8.0, ""seed"": 3.0}"
exp4_ensemble,narma10,,8.0,3.0,local_best,0.2328763681458837,"{""n_clients"": 8.0, ""seed"": 3.0}"
exp4_ensemble,narma10,,8.0,3.0,ensemble,0.1973778444684945,"{""n_clients"": 8.0, ""seed"": 3.0}"
exp4_ensemble,narma10,,16.0,0.0,centralized,0.2235137171334011,"{""n_clients"": 16.0, ""seed"": 0.0}"
exp4_ensemble,narma10,,16.0,0.0,local_mean,0.4578272692983979,"{""n_clients"": 16.0, ""seed"": 0.0}"
exp4_ensemble,narma10,,16.0,0.0,local_best,0.3268977798787905,"{""n_clients"": 16.0, ""seed"": 0.0}"
exp4_ensemble,narma10,,16.0,0.0,ensemble,0.2054977489622416,"{""n_clients"": 16.0, ""seed"": 0.0}"
exp4_ensemble,narma10,,16.0,1.0,centralized,0.1827539592310626,"{""n_clients"": 16.0, ""seed"": 1.0}"
exp4_ensemble,narma10,,16.0,1.0,local_mean,0.3966503267228194,"{""n_clients"": 16.0, ""seed"": 1.0}"
exp4_ensemble,narma10,,16.0,1.0,local_best,0.3082031582070163,"{""n_clients"": 16.0, ""seed"": 1.0}"
exp4_ensemble,narma10,,16.0,1.0,ensemble,0.1814385839858019,"{""n_clients"": 16.0, ""seed"": 1.0}"
exp4_ensemble,narma10,,16.0,2.0,centralized,0.2634892729889412,"{""n_clients"": 16.0, ""seed"": 2.0}"
exp4_ensemble,narma10,,16.0,2.0,local_mean,0.4110580495312074,"{""n_clients"": 16.0, ""seed"": 2.0}"
exp4_ensemble,narma10,,16.0,2.0,local_best,0.3365149487719419,"{""n_clients"": 16.0, ""seed"": 2.0}"
exp4_ensemble,narma10,,16.0,2.0,ensemble,0.2630395606669167,"{""n_clients"": 16.0, ""seed"": 2.0}"
exp4_ensemble,narma10,,16.0,3.0,centralized,0.2648461151447844,"{""n_clients"": 16.0, ""seed"": 3.0}"
exp4_ensemble,narma10,,16.0,3.0,local_mean,0.4748879335810249,"{""n_clients"": 16.0, ""seed"": 3.0}"
exp4_ensemble,narma10,,16.0,3.0,local_best,0.3597671913495411,"{""n_clients"": 16.0, ""seed"": 3.0}"
exp4_ensemble,narma10,,16.0,3.0,ensemble,0.3102375083813657,"{""n_clients"": 16.0, ""seed"": 3.0}"
exp4_ensemble,narma10,,32.0,0.0,centralized,0.2132851423592623,"{""n_clients"": 32.0, ""seed"": 0.0}"
exp4_ensemble,narma10,,32.0,0.0,local_mean,0.7134360723160144,"{""n_clients"": 32.0, ""seed"": 0.0}"
exp4_ensemble,narma10,,32.0,0.0,local_best,0.5452362737326668,"{""n_clients"": 32.0, ""seed"": 0.0}"
exp4_ensemble,narma10,,32.0,0.0,ensemble,0.3430739141479556,"{""n_clients"": 32.0, ""seed"": 0.0}"
exp4_ensemble,narma10,,32.0,1.0,centralized,0.2131527989095691,"{""n_clients"": 32.0, ""seed"": 1.0}"
exp4_ensemble,narma10,,32.0,1.0,local_mean,0.7614357089810749,"{""n_clients"": 32.0, ""seed"": 1.0}"
exp4_ensemble,narma10,,32.0,1.0,local_best,0.4997357537177195,"{""n_clients"": 32.0, ""seed"": 1.0}"
exp4_ensemble,narma10,,32.0,1.0,ensemble,0.355261980267786,"{""n_clients"": 32.0, ""seed"": 1.0}"
exp4_ensemble,narma10,,32.0,2.0,centralized,0.2131491185146091,"{""n_clients"": 32.0, ""seed"": 2.0}"
exp4_ensemble,narma10,,32.0,2.0,local_mean,0.7313141196343456,"{""n_clients"": 32.0, ""seed"": 2.0}"
exp4_ensemble,narma10,,32.0,2.0,local_best,0.4756796710840508,"{""n_clients"": 32.0, ""seed"": 2.0}"
exp4_ensemble,narma10,,32.0,2.0,ensemble,0.3704141733932951,"{""n_clients"": 32.0, ""seed"": 2.0}"
exp4_ensemble,narma10,,32.0,3.0,centralized,0.2152677448649503,"{""n_clients"": 32.0, ""seed"": 3.0}"
exp4_ensemble,narma10,,32.0,3.0,local_mean,0.7438545020314726,"{""n_clients"": 32.0, ""seed"": 3.0}"
exp4_ensemble,narma10,,32.0,3.0,local_best,0.5701854599582032,"{""n_clients"": 32.0, ""seed"": 3.0}"
exp4_ensemble,narma10,,32.0,3.0,ensemble,0.3765751750911366,"{""n_clients"": 32.0, ""seed"": 3.0}"
exp5_alignment,narma10,,,0.0,heterogeneity,17.13076552064198,"{""alpha"": 0.0, ""seed"": 0.0}"
exp5_alignment,narma10,,,0.0,ensemble_nrmse,0.1883291115390837,"{""alpha"": 0.0, ""seed"": 0.0}"
exp5_alignment,narma10,,,0.0,fedavg_nrmse,0.5956868714172744,"{""alpha"": 0.0, ""seed"": 0.0}"
exp5_alignment,narma10,,,0.0,heterogeneity,16.95469946013282,"{""alpha"": 0.1, ""seed"": 0.0}"
exp5_alignment,narma10,,,0.0,ensemble_nrmse,0.1862333787407706,"{""alpha"": 0.1, ""seed"": 0.0}"
exp5_alignment,narma10,,,0.0,fedavg_nrmse,0.5998427527862414,"{""alpha"": 0.1, ""seed"": 0.0}"
exp5_alignment,narma10,,,0.0,heterogeneity,16.588885841199726,"{""alpha"": 0.2, ""seed"": 0.0}"
exp5_alignment,narma10,,,0.0,ensemble_nrmse,0.1844810061859048,"{""alpha"": 0.2, ""seed"": 0.0}"
exp5_alignment,narma10,,,0.0,fedavg_nrmse,0.5764034668348925,"{""alpha"": 0.2, ""seed"": 0.0}"
exp5_alignment,narma10,,,0.0,heterogeneity,15.75772659101098,"{""alpha"": 0.3, ""seed"": 0.0}"
exp5_alignment,narma10,,,0.0,ensemble_nrmse,0.1898347199951512,"{""alpha"": 0.3, ""seed"": 0.0}"
exp5_alignment,narma10,,,0.0,fedavg_nrmse,0.5500544254818734,"{""alpha"": 0.3, ""seed"": 0.0}"
exp5_alignment,narma10,,,0.0,heterogeneity,14.221793432857163,"{""alpha"": 0.4, ""seed"": 0.0}"
exp5_alignment,narma10,,,0.0,ensemble_nrmse,0.1920434773223824,"{""alpha"": 0.4, ""seed"": 0.0}"
exp5_alignment,narma10,,,0.0,fedavg_nrmse,0.530534174511702,"{""alpha"": 0.4, ""seed"": 0.0}"
exp5_alignment,narma10,,,0.0,heterogeneity,12.11370468011698,"{""alpha"": 0.5, ""seed"": 0.0}"
exp5_alignment,narma10,,,0.0,ensemble_nrmse,0.191358314076377,"{""alpha"": 0.5, ""seed"": 0.0}"
exp5_alignment,narma10,,,0.0,fedavg_nrmse,0.5763901717211806,"{""alpha"": 0.5, ""seed"": 0.0}"
exp5_alignment,narma10,,,0.0,heterogeneity,9.487957231468403,"{""alpha"": 0.6000000000000001, ""seed"": 0.0}"
exp5_alignment,narma10,,,0.0,ensemble_nrmse,0.1841555747879117,"{""alpha"": 0.6000000000000001, ""seed"": 0.0}"
exp5_alignment,narma10,,,0.0,fedavg_nrmse,0.6032210884846195,"{""alpha"": 0.6000000000000001, ""seed"": 0.0}"
exp5_alignment,narma10,,,0.0,heterogeneity,6.732740433539512,"{""alpha"": 0.7000000000000001, ""seed"": 0.0}"
exp5_alignment,narma10,,,0.0,ensemble_nrmse,0.1947688743858737,"{""alpha"": 0.7000000000000001, ""seed"": 0.0}"
exp5_alignment,narma10,,,0.0,fedavg_nrmse,0.5056596771269082,"{""alpha"": 0.7000000000000001, ""seed"": 0.0}"
exp5_alignment,narma10,,,0.0,heterogeneity,4.142816754936356,"{""alpha"": 0.8, ""seed"": 0.0}"
exp5_alignment,narma10,,,0.0,ensemble_nrmse,0.1904964138137415,"{""alpha"": 0.8, ""seed"": 0.0}"
exp5_alignment,narma10,,,0.0,fedavg_nrmse,0.4484404876360345,"{""alpha"": 0.8, ""seed"": 0.0}"
exp5_alignment,narma10,,,0.0,heterogeneity,1.8970009504511425,"{""alpha"": 0.9, ""seed"": 0.0}"
exp5_alignment,narma10,,,0.0,ensemble_nrmse,0.1954790945454249,"{""alpha"": 0.9, ""seed"": 0.0}"
exp5_alignment,narma10,,,0.0,fedavg_nrmse,0.3869924109051529,"{""alpha"": 0.9, ""seed"": 0.0}"
exp5_alignment,narma10,,,0.0,heterogeneity,0.0,"{""alpha"": 1.0, ""seed"": 0.0}"
exp5_alignment,narma10,,,0.0,ensemble_nrmse,0.2068846175624489,"{""alpha"": 1.0, ""seed"": 0.0}"
exp5_alignment,narma10,,,0.0,fedavg_nrmse,0.2038421685801412,"{""alpha"": 1.0, ""seed"": 0.0}"
exp5_alignment,narma10,,,1.0,heterogeneity,17.19236133470955,"{""alpha"": 0.0, ""seed"": 1.0}"
exp5_alignment,narma10,,,1.0,ensemble_nrmse,0.2087204414572279,"{""alpha"": 0.0, ""seed"": 1.0}"
exp5_alignment,narma10,,,1.0,fedavg_nrmse,0.5349218190129804,"{""alpha"": 0.0, ""seed"": 1.0}"
exp5_alignment,narma10,,,1.0,heterogeneity,17.057234377692673,"{""alpha"": 0.1, ""seed"": 1.0}"
exp5_alignment,narma10,,,1.0,ensemble_nrmse,0.2101141012737355,"{""alpha"": 0.1, ""seed"": 1.0}"
exp5_alignment,narma10,,,1.0,fedavg_nrmse,0.5402522871560369,"{""alpha"": 0.1, ""seed"": 1.0}"
exp5_alignment,narma10,,,1.0,heterogeneity,16.699479484274573,"{""alpha"": 0.2, ""seed"": 1.0}"
exp5_alignment,narma10,,,1.0,ensemble_nrmse,0.2048288256210008,"{""alpha"": 0.2, ""seed"": 1.0}"
exp5_alignment,narma10,,,1.0,fedavg_nrmse,0.6165746162788922,"{""alpha"": 0.2, ""seed"": 1.0}"
exp5_alignment,narma10,,,1.0,heterogeneity,16.02942695225303,"{""alpha"": 0.3, ""seed"": 1.0}"
exp5_alignment,narma10,,,1.0,ensemble_nrmse,0.1993776466008918,"{""alpha"": 0.3, ""seed"": 1.0}"
exp5_alignment,narma10,,,1.0,fedavg_nrmse,0.66112063205375,"{""alpha"": 0.3, ""seed"": 1.0}"
exp5_alignment,narma10,,,1.0,heterogeneity,14.473501118807372,"{""alpha"": 0.4, ""seed"": 1.0}"
exp5_alignment,narma10,,,1.0,ensemble_nrmse,0.2029598715392343,"{""alpha"": 0.4, ""seed"": 1.0}"
exp5_alignment,narma10,,,1.0,fedavg_nrmse,0.5622609947767107,"{""alpha"": 0.4, ""seed"": 1.0}"
exp5_alignment,narma10,,,1.0,heterogeneity,12.094863531231264,"{""alpha"": 0.5, ""seed"": 1.0}"
exp5_alignment,narma10,,,1.0,ensemble_nrmse,0.209103244335288,"{""alpha"": 0.5, ""seed"": 1.0}"
exp5_alignment,narma10,,,1.0,fedavg_nrmse,0.5390703293483042,"{""alpha"": 0.5, ""seed"": 1.0}"
exp5_alignment,narma10,,,1.0,heterogeneity,9.412826310070342,"{""alpha"": 0.6000000000000001, ""seed"": 1.0}"
exp5_alignment,narma10,,,1.0,ensemble_nrmse,0.2042648809417255,"{""alpha"": 0.6000000000000001, ""seed"": 1.0}"
exp5_alignment,narma10,,,1.0,fedavg_nrmse,0.4857759525789539,"{""alpha"": 0.6000000000000001, ""seed"": 1.0}"
exp5_alignment,narma10,,,1.0,heterogeneity,6.706108030806003,"{""alpha"": 0.7000000000000001, ""seed"": 1.0}"
exp5_alignment,narma10,,,1.0,ensemble_nrmse,0.1969721589777054,"{""alpha"": 0.7000000000000001, ""seed"": 1.0}"
exp5_alignment,narma10,,,1.0,fedavg_nrmse,0.4768008589443758,"{""alpha"": 0.7000000000000001, ""seed"": 1.0}"
exp5_alignment,narma10,,,1.0,heterogeneity,4.159712002733563,"{""alpha"": 0.8, ""seed"": 1.0}"
exp5_alignment,narma10,,,1.0,ensemble_nrmse,0.1898036330754164,"{""alpha"": 0.8, ""seed"": 1.0}"
exp5_alignment,narma10,,,1.0,fedavg_nrmse,0.4391393262575433,"{""alpha"": 0.8, ""seed"": 1.0}"
exp5_alignment,narma10,,,1.0,heterogeneity,1.859053553637023,"{""alpha"": 0.9, ""seed"": 1.0}"
exp5_alignment,narma10,,,1.0,ensemble_nrmse,0.1946377606812035,"{""alpha"": 0.9, ""seed"": 1.0}"
exp5_alignment,narma10,,,1.0,fedavg_nrmse,0.374811222390206,"{""alpha"": 0.9, ""seed"": 1.0}"
exp5_alignment,narma10,,,1.0,heterogeneity,0.0,"{""alpha"": 1.0, ""seed"": 1.0}"
exp5_alignment,narma10,,,1.0,ensemble_nrmse,0.2046954989520855,"{""alpha"": 1.0, ""seed"": 1.0}"
exp5_alignment,narma10,,,1.0,fedavg_nrmse,0.2019095107274811,"{""alpha"": 1.0, ""seed"": 1.0}"
exp5_alignment,narma10,,,2.0,heterogeneity,17.417587901465208,"{""alpha"": 0.0, ""seed"": 2.0}"
exp5_alignment,narma10,,,2.0,ensemble_nrmse,0.1715051716550457,"{""alpha"": 0.0, ""seed"": 2.0}"
exp5_alignment,narma10,,,2.0,fedavg_nrmse,0.489101553678394,"{""alpha"": 0.0, ""seed"": 2.0}"
exp5_alignment,narma10,,,2.0,heterogeneity,17.22854873322137,"{""alpha"": 0.1, ""seed"": 2.0}"
exp5_alignment,narma10,,,2.0,ensemble_nrmse,0.1723541782817451,"{""alpha"": 0.1, ""seed"": 2.0}"
exp5_alignment,narma10,,,2.0,fedavg_nrmse,0.5056598635178673,"{""alpha"": 0.1, ""seed"": 2.0}"
exp5_alignment,narma10,,,2.0,heterogeneity,16.683497738481282,"{""alpha"": 0.2, ""seed"": 2.0}"
exp5_alignment,narma10,,,2.0,ensemble_nrmse,0.1670968889519113,"{""alpha"": 0.2, ""seed"": 2.0}"
exp5_alignment,narma10,,,2.0,fedavg_nrmse,0.4977128421990986,"{""alpha"": 0.2, ""seed"": 2.0}"
exp5_alignment,narma10,,,2.0,heterogeneity,15.643022730737872,"{""alpha"": 0.3, ""seed"": 2.0}"
exp5_alignment,narma10,,,2.0,ensemble_nrmse,0.166110855734911,"{""alpha"": 0.3, ""seed"": 2.0}"
exp5_alignment,narma10,,,2.0,fedavg_nrmse,0.5136939812527798,"{""alpha"": 0.3, ""seed"": 2.0}"
exp5_alignment,narma10,,,2.0,heterogeneity,14.249548247505968,"{""alpha"": 0.4, ""seed"": 2.0}"
exp5_alignment,narma10,,,2.0,ensemble_nrmse,0.1684980576346922,"{""alpha"": 0.4, ""seed"": 2.0}"
exp5_alignment,narma10,,,2.0,fedavg_nrmse,0.563886085231011,"{""alpha"": 0.4, ""seed"": 2.0}"
exp5_alignment,narma10,,,2.0,heterogeneity,11.992626393434447,"{""alpha"": 0.5, ""seed"": 2.0}"
exp5_alignment,narma10,,,2.0,ensemble_nrmse,0.1720962883020122,"{""alpha"": 0.5, ""seed"": 2.0}"
exp5_alignment,narma10,,,2.0,fedavg_nrmse,0.5119258039938986,"{""alpha"": 0.5, ""seed"": 2.0}"
exp5_alignment,narma10,,,2.0,heterogeneity,9.312006654834846,"{""alpha"": 0.6000000000000001, ""seed"": 2.0}"
exp5_alignment,narma10,,,2.0,ensemble_nrmse,0.1630060574644665,"{""alpha"": 0.6000000000000001, ""seed"": 2.0}"
exp5_alignment,narma10,,,2.0,fedavg_nrmse,0.4777504646350424,"{""alpha"": 0.6000000000000001, ""seed"": 2.0}"
exp5_alignment,narma10,,,2.0,heterogeneity,6.4092258316565305,"{""alpha"": 0.7000000000000001, ""seed"": 2.0}"
exp5_alignment,narma10,,,2.0,ensemble_nrmse,0.1635978332231209,"{""alpha"": 0.7000000000000001, ""seed"": 2.0}"
exp5_alignment,narma10,,,2.0,fedavg_nrmse,0.4873063066287295,"{""alpha"": 0.7000000000000001, ""seed"": 2.0}"
exp5_alignment,narma10,,,2.0,heterogeneity,3.9316515877684566,"{""alpha"": 0.8, ""seed"": 2.0}"
exp5_alignment,narma10,,,2.0,ensemble_nrmse,0.169623692129217,"{""alpha"": 0.8, ""seed"": 2.0}"
exp5_alignment,narma10,,,2.0,fedavg_nrmse,0.4268408076540266,"{""alpha"": 0.8, ""seed"": 2.0}"
exp5_alignment,narma10,,,2.0,heterogeneity,1.7837476333300966,"{""alpha"": 0.9, ""seed"": 2.0}"
exp5_alignment,narma10,,,2.0,ensemble_nrmse,0.182486676697633,"{""alpha"": 0.9, ""seed"": 2.0}"
exp5_alignment,narma10,,,2.0,fedavg_nrmse,0.3644412268711247,"{""alpha"": 0.9, ""seed"": 2.0}"
exp5_alignment,narma10,,,2.0,heterogeneity,0.0,"{""alpha"": 1.0, ""seed"": 2.0}"
exp5_alignment,narma10,,,2.0,ensemble_nrmse,0.1920571318380095,"{""alpha"": 1.0, ""seed"": 2.0}"
exp5_alignment,narma10,,,2.0,fedavg_nrmse,0.1911645036863839,"{""alpha"": 1.0, ""seed"": 2.0}"
exp5_alignment,narma10,,,3.0,heterogeneity,17.27495043945905,"{""alpha"": 0.0, ""seed"": 3.0}"
exp5_alignment,narma10,,,3.0,ensemble_nrmse,0.1675602073096312,"{""alpha"": 0.0, ""seed"": 3.0}"
exp5_alignment,narma10,,,3.0,fedavg_nrmse,0.5387313264205849,"{""alpha"": 0.0, ""seed"": 3.0}"
exp5_alignment,narma10,,,3.0,heterogeneity,17.19434220891949,"{""alpha"": 0.1, ""seed"": 3.0}"
exp5_alignment,narma10,,,3.0,ensemble_nrmse,0.1696149050316557,"{""alpha"": 0.1, ""seed"": 3.0}"
exp5_alignment,narma10,,,3.0,fedavg_nrmse,0.5445951755476743,"{""alpha"": 0.1, ""seed"": 3.0}"
exp5_alignment,narma10,,,3.0,heterogeneity,16.890085817144904,"{""alpha"": 0.2, ""seed"": 3.0}"
exp5_alignment,narma10,,,3.0,ensemble_nrmse,0.1677542682852952,"{""alpha"": 0.2, ""seed"": 3.0}"
exp5_alignment,narma10,,,3.0,fedavg_nrmse,0.5448688719809305,"{""alpha"": 0.2, ""seed"": 3.0}"
exp5_alignment,narma10,,,3.0,heterogeneity,16.092592499070314,"{""alpha"": 0.3, ""seed"": 3.0}"
exp5_alignment,narma10,,,3.0,ensemble_nrmse,0.1630792049454354,"{""alpha"": 0.3, ""seed"": 3.0}"
exp5_alignment,narma10,,,3.0,fedavg_nrmse,0.5493193473236508,"{""alpha"": 0.3, ""seed"": 3.0}"
exp5_alignment,narma10,,,3.0,heterogeneity,14.415760898361736,"{""alpha"": 0.4, ""seed"": 3.0}"
exp5_alignment,narma10,,,3.0,ensemble_nrmse,0.163002786722777,"{""alpha"": 0.4, ""seed"": 3.0}"
exp5_alignment,narma10,,,3.0,fedavg_nrmse,0.5296965246656408,"{""alpha"": 0.4, ""seed"": 3.0}"
exp5_alignment,narma10,,,3.0,heterogeneity,12.299418676705114,"{""alpha"": 0.5, ""seed"": 3.0}"
exp5_alignment,narma10,,,3.0,ensemble_nrmse,0.1636161540082078,"{""alpha"": 0.5, ""seed"": 3.0}"
exp5_alignment,narma10,,,3.0,fedavg_nrmse,0.5276716285130904,"{""alpha"": 0.5, ""seed"": 3.0}"
exp5_alignment,narma10,,,3.0,heterogeneity,9.579709115986386,"{""alpha"": 0.6000000000000001, ""seed"": 3.0}"
exp5_alignment,narma10,,,3.0,ensemble_nrmse,0.1631419353033502,"{""alpha"": 0.6000000000000001, ""seed"": 3.0}"
exp5_alignment,narma10,,,3.0,fedavg_nrmse,0.5072865844131467,"{""alpha"": 0.6000000000000001, ""seed"": 3.0}"
exp5_alignment,narma10,,,3.0,heterogeneity,6.839182201805085,"{""alpha"": 0.7000000000000001, ""seed"": 3.0}"
exp5_alignment,narma10,,,3.0,ensemble_nrmse,0.1644307254880229,"{""alpha"": 0.7000000000000001, ""seed"": 3.0}"
exp5_alignment,narma10,,,3.0,fedavg_nrmse,0.4991119152728999,"{""alpha"": 0.7000000000000001, ""seed"": 3.0}"
exp5_alignment,narma10,,,3.0,heterogeneity,4.295058028142608,"{""alpha"": 0.8, ""seed"": 3.0}"
exp5_alignment,narma10,,,3.0,ensemble_nrmse,0.1737741846678071,"{""alpha"": 0.8, ""seed"": 3.0}"
exp5_alignment,narma10,,,3.0,fedavg_nrmse,0.4718261622173855,"{""alpha"": 0.8, ""seed"": 3.0}"
exp5_alignment,narma10,,,3.0,heterogeneity,1.9636484507665133,"{""alpha"": 0.9, ""seed"": 3.0}"
exp5_alignment,narma10,,,3.0,ensemble_nrmse,0.1986331112201919,"{""alpha"": 0.9, ""seed"": 3.0}"
exp5_alignment,narma10,,,3.0,fedavg_nrmse,0.4257220746066166,"{""alpha"": 0.9, ""seed"": 3.0}"
exp5_alignment,narma10,,,3.0,heterogeneity,0.0,"{""alpha"": 1.0, ""seed"": 3.0}"
exp5_alignment,narma10,,,3.0,ensemble_nrmse,0.2185274176996807,"{""alpha"": 1.0, ""seed"": 3.0}"
exp5_alignment,narma10,,,3.0,fedavg_nrmse,0.2194830909947341,"{""alpha"": 1.0, ""seed"": 3.0}"
exp6_finance,ted_spread,,1.0,0.0,federated_ridge,0.4096919262148244,"{""n_clients"": 1.0, ""seed"": 0.0}"
exp6_finance,ted_spread,,1.0,0.0,local_mean,0.4096919262148242,"{""n_clients"": 1.0, ""seed"": 0.0}"
exp6_finance,ted_spread,,1.0,1.0,federated_ridge,0.2121703848373293,"{""n_clients"": 1.0, ""seed"": 1.0}"
exp6_finance,ted_spread,,1.0,1.0,local_mean,0.2121703848373289,"{""n_clients"": 1.0, ""seed"": 1.0}"
exp6_finance,ted_spread,,1.0,2.0,federated_ridge,0.3030830684349769,"{""n_clients"": 1.0, ""seed"": 2.0}"
exp6_finance,ted_spread,,1.0,2.0,local_mean,0.3030830684349769,"{""n_clients"": 1.0, ""seed"": 2.0}"
exp6_finance,ted_spread,,1.0,3.0,federated_ridge,0.2322986352593553,"{""n_clients"": 1.0, ""seed"": 3.0}"
exp6_finance,ted_spread,,1.0,3.0,local_mean,0.232298635259355,"{""n_clients"": 1.0, ""seed"": 3.0}"
exp6_finance,ted_spread,,1.0,4.0,federated_ridge,0.2326667729858942,"{""n_clients"": 1.0, ""seed"": 4.0}"
exp6_finance,ted_spread,,1.0,4.0,local_mean,0.2326667729858941,"{""n_clients"": 1.0, ""seed"": 4.0}"
exp6_finance,ted_spread,,2.0,0.0,federated_ridge,0.4313610183855056,"{""n_clients"": 2.0, ""seed"": 0.0}"
exp6_finance,ted_spread,,2.0,0.0,local_mean,0.6447960432419574,"{""n_clients"": 2.0, ""seed"": 0.0}"
exp6_finance,ted_spread,,2.0,1.0,federated_ridge,0.2134158003932104,"{""n_clients"": 2.0, ""seed"": 1.0}"
exp6_finance,ted_spread,,2.0,1.0,local_mean,0.6065039857381758,"{""n_clients"": 2.0, ""seed"": 1.0}"
exp6_finance,ted_spread,,2.0,2.0,federated_ridge,0.3056130272082968,"{""n_clients"": 2.0, ""seed"": 2.0}"
exp6_finance,ted_spread,,2.0,2.0,local_mean,0.3707273480171993,"{""n_clients"": 2.0, ""seed"": 2.0}"
exp6_finance,ted_spread,,2.0,3.0,federated_ridge,0.2333697169880003,"{""n_clients"": 2.0, ""seed"": 3.0}"
exp6_finance,ted_spread,,2.0,3.0,local_mean,0.7134766308190634,"{""n_clients"": 2.0, ""seed"": 3.0}"
exp6_finance,ted_spread,,2.0,4.0,federated_ridge,0.250883492442582,"{""n_clients"": 2.0, ""seed"": 4.0}"
exp6_finance,ted_spread,,2.0,4.0,local_mean,0.3586676073092892,"{""n_clients"": 2.0, ""seed"": 4.0}"
exp6_finance,ted_spread,,5.0,0.0,federated_ridge,0.389847638440712,"{""n_clients"": 5.0, ""seed"": 0.0}"
exp6_finance,ted_spread,,5.0,0.0,local_mean,4.106448166193709,"{""n_clients"": 5.0, ""seed"": 0.0}"
exp6_finance,ted_spread,,5.0,1.0,federated_ridge,0.2390254001353041,"{""n_clients"": 5.0, ""seed"": 1.0}"
exp6_finance,ted_spread,,5.0,1.0,local_mean,11.874939701264886,"{""n_clients"": 5.0, ""seed"": 1.0}"
exp6_finance,ted_spread,,5.0,2.0,federated_ridge,0.3379178964624306,"{""n_clients"": 5.0, ""seed"": 2.0}"
exp6_finance,ted_spread,,5.0,2.0,local_mean,12.106464708831869,"{""n_clients"": 5.0, ""seed"": 2.0}"
exp6_finance,ted_spread,,5.0,3.0,federated_ridge,0.2596996446592277,"{""n_clients"": 5.0, ""seed"": 3.0}"
exp6_finance,ted_spread,,5.0,3.0,local_mean,8.26147858596746,"{""n_clients"": 5.0, ""seed"": 3.0}"
exp6_finance,ted_spread,,5.0,4.0,federated_ridge,0.2646359643504653,"{""n_clients"": 5.0, ""seed"": 4.0}"
exp6_finance,ted_spread,,5.0,4.0,local_mean,23.706954212974264,"{""n_clients"": 5.0, ""seed"": 4.0}"
exp6_finance,ted_spread,,10.0,0.0,federated_ridge,0.3527364912528707,"{""n_clients"": 10.0, ""seed"": 0.0}"
exp6_finance,ted_spread,,10.0,0.0,local_mean,18.923013290389143,"{""n_clients"": 10.0, ""seed"": 0.0}"
exp6_finance,ted_spread,,10.0,1.0,federated_ridge,0.2363794439702663,"{""n_clients"": 10.0, ""seed"": 1.0}"
exp6_finance,ted_spread,,10.0,1.0,local_mean,25.03503605649431,"{""n_clients"": 10.0, ""seed"": 1.0}"
exp6_finance,ted_spread,,10.0,2.0,federated_ridge,0.3821801788142804,"{""n_clients"": 10.0, ""seed"": 2.0}"
exp6_finance,ted_spread,,10.0,2.0,local_mean,11.939319112379208,"{""n_clients"": 10.0, ""seed"": 2.0}"
exp6_finance,ted_spread,,10.0,3.0,federated_ridge,0.2624169202091257,"{""n_clients"": 10.0, ""seed"": 3.0}"
exp6_finance,ted_spread,,10.0,3.0,local_mean,17.482850181730917,"{""n_clients"": 10.0, ""seed"": 3.0}"
exp6_finance,ted_spread,,10.0,4.0,federated_ridge,0.2380817994551469,"{""n_clients"": 10.0, ""seed"": 4.0}"
exp6_finance,ted_spread,,10.0,4.0,local_mean,19.389750825046917,"{""n_clients"": 10.0, ""seed"": 4.0}"
exp6_finance,ted_spread,,20.0,0.0,federated_ridge,0.21988502404577,"{""n_clients"": 20.0, ""seed"": 0.0}"
exp6_finance,ted_spread,,20.0,0.0,local_mean,33.786987231217225,"{""n_clients"": 20.0, ""seed"": 0.0}"
exp6_finance,ted_spread,,20.0,1.0,federated_ridge,0.3800639734279097,"{""n_clients"": 20.0, ""seed"": 1.0}"
exp6_finance,ted_spread,,20.0,1.0,local_mean,32.40458039514796,"{""n_clients"": 20.0, ""seed"": 1.0}"
exp6_finance,ted_spread,,20.0,2.0,federated_ridge,0.5313421154654409,"{""n_clients"": 20.0, ""seed"": 2.0}"
exp6_finance,ted_spread,,20.0,2.0,local_mean,50.233686638738725,"{""n_clients"": 20.0, ""seed"": 2.0}"
exp6_finance,ted_spread,,20.0,3.0,federated_ridge,0.3370530534960868,"{""n_clients"": 20.0, ""seed"": 3.0}"
exp6_finance,ted_spread,,20.0,3.0,local_mean,51.33614747836297,"{""n_clients"": 20.0, ""seed"": 3.0}"
exp6_finance,ted_spread,,20.0,4.0,federated_ridge,0.2600064853145523,"{""n_clients"": 20.0, ""seed"": 4.0}"
exp6_finance,ted_spread,,20.0,4.0,local_mean,36.0173552117395,"{""n_clients"": 20.0, ""seed"": 4.0}"
exp7_fedresprompt,,GPT-2 (124M),,,fr_bytes,61440.0,"{""model"": ""GPT-2 (124M)"", ""d_model"": 768, ""n_layers"": 12, ""params"": 84934656}"
exp7_fedresprompt,,GPT-2 (124M),,,lora_bytes,2359296.0,"{""model"": ""GPT-2 (124M)"", ""d_model"": 768, ""n_layers"": 12, ""params"": 84934656}"
exp7_fedresprompt,,GPT-2 (124M),,,bytes_ratio,38.4,"{""model"": ""GPT-2 (124M)"", ""d_model"": 768, ""n_layers"": 12, ""params"": 84934656}"
exp7_fedresprompt,,GPT-2 (124M),,,fr_flops,1203232.0,"{""model"": ""GPT-2 (124M)"", ""d_model"": 768, ""n_layers"": 12, ""params"": 84934656}"
exp7_fedresprompt,,GPT-2 (124M),,,lora_flops,32614907904.0,"{""model"": ""GPT-2 (124M)"", ""d_model"": 768, ""n_layers"": 12, ""params"": 84934656}"
exp7_fedresprompt,,GPT-2 (124M),,,flops_ratio,27106.0841998883,"{""model"": ""GPT-2 (124M)"", ""d_model"": 768, ""n_layers"": 12, ""params"": 84934656}"
exp7_fedresprompt,,GPT-2 L (774M),,,fr_bytes,102400.0,"{""model"": ""GPT-2 L (774M)"", ""d_model"": 1280, ""n_layers"": 36, ""params"": 707788800}"
exp7_fedresprompt,,GPT-2 L (774M),,,lora_bytes,11796480.0,"{""model"": ""GPT-2 L (774M)"", ""d_model"": 1280, ""n_layers"": 36, ""params"": 707788800}"
exp7_fedresprompt,,GPT-2 L (774M),,,bytes_ratio,115.2,"{""model"": ""GPT-2 L (774M)"", ""d_model"": 1280, ""n_layers"": 36, ""params"": 707788800}"
exp7_fedresprompt,,GPT-2 L (774M),,,fr_flops,1203232.0,"{""model"": ""GPT-2 L (774M)"", ""d_model"": 1280, ""n_layers"": 36, ""params"": 707788800}"
exp7_fedresprompt,,GPT-2 L (774M),,,lora_flops,271790899200.0,"{""model"": ""GPT-2 L (774M)"", ""d_model"": 1280, ""n_layers"": 36, ""params"": 707788800}"
exp7_fedresprompt,,GPT-2 L (774M),,,flops_ratio,225884.0349990692,"{""model"": ""GPT-2 L (774M)"", ""d_model"": 1280, ""n_layers"": 36, ""params"": 707788800}"
exp7_fedresprompt,,1.3B,,,fr_bytes,163840.0,"{""model"": ""1.3B"", ""d_model"": 2048, ""n_layers"": 24, ""params"": 1207959552}"
exp7_fedresprompt,,1.3B,,,lora_bytes,12582912.0,"{""model"": ""1.3B"", ""d_model"": 2048, ""n_layers"": 24, ""params"": 1207959552}"
exp7_fedresprompt,,1.3B,,,bytes_ratio,76.8,"{""model"": ""1.3B"", ""d_model"": 2048, ""n_layers"": 24, ""params"": 1207959552}"
exp7_fedresprompt,,1.3B,,,fr_flops,1203232.0,"{""model"": ""1.3B"", ""d_model"": 2048, ""n_layers"": 24, ""params"": 1207959552}"
exp7_fedresprompt,,1.3B,,,lora_flops,463856467968.0,"{""model"": ""1.3B"", ""d_model"": 2048, ""n_layers"": 24, ""params"": 1207959552}"
exp7_fedresprompt,,1.3B,,,flops_ratio,385508.75306507805,"{""model"": ""1.3B"", ""d_model"": 2048, ""n_layers"": 24, ""params"": 1207959552}"
exp7_fedresprompt,,7B,,,fr_bytes,327680.0,"{""model"": ""7B"", ""d_model"": 4096, ""n_layers"": 32, ""params"": 6442450944}"
exp7_fedresprompt,,7B,,,lora_bytes,33554432.0,"{""model"": ""7B"", ""d_model"": 4096, ""n_layers"": 32, ""params"": 6442450944}"
exp7_fedresprompt,,7B,,,bytes_ratio,102.4,"{""model"": ""7B"", ""d_model"": 4096, ""n_layers"": 32, ""params"": 6442450944}"
exp7_fedresprompt,,7B,,,fr_flops,1203232.0,"{""model"": ""7B"", ""d_model"": 4096, ""n_layers"": 32, ""params"": 6442450944}"
exp7_fedresprompt,,7B,,,lora_flops,2473901162496.0,"{""model"": ""7B"", ""d_model"": 4096, ""n_layers"": 32, ""params"": 6442450944}"
exp7_fedresprompt,,7B,,,flops_ratio,2056046.6830137493,"{""model"": ""7B"", ""d_model"": 4096, ""n_layers"": 32, ""params"": 6442450944}"
exp7_fedresprompt,,13B,,,fr_bytes,409600.0,"{""model"": ""13B"", ""d_model"": 5120, ""n_layers"": 40, ""params"": 12582912000}"
exp7_fedresprompt,,13B,,,lora_bytes,52428800.0,"{""model"": ""13B"", ""d_model"": 5120, ""n_layers"": 40, ""params"": 12582912000}"
exp7_fedresprompt,,13B,,,bytes_ratio,128.0,"{""model"": ""13B"", ""d_model"": 5120, ""n_layers"": 40, ""params"": 12582912000}"
exp7_fedresprompt,,13B,,,fr_flops,1203232.0,"{""model"": ""13B"", ""d_model"": 5120, ""n_layers"": 40, ""params"": 12582912000}"
exp7_fedresprompt,,13B,,,lora_flops,4831838208000.0,"{""model"": ""13B"", ""d_model"": 5120, ""n_layers"": 40, ""params"": 12582912000}"
exp7_fedresprompt,,13B,,,flops_ratio,4015716.1777612297,"{""model"": ""13B"", ""d_model"": 5120, ""n_layers"": 40, ""params"": 12582912000}"
exp9_performance,,,,,numpy_f64,30.342299985932183,"{""N"": 50.0}"
exp9_performance,,,,,numba_f64,9.369100007461384,"{""N"": 50.0}"
exp9_performance,,,,,numpy_f32,78.7607999809552,"{""N"": 50.0}"
exp9_performance,,,,,sparse,130.87610001093708,"{""N"": 50.0}"
exp9_performance,,,,,numpy_f64,96.56079998239876,"{""N"": 100.0}"
exp9_performance,,,,,numba_f64,18.458699982147664,"{""N"": 100.0}"
exp9_performance,,,,,numpy_f32,72.37639999948442,"{""N"": 100.0}"
exp9_performance,,,,,sparse,93.80149998469278,"{""N"": 100.0}"
exp9_performance,,,,,numpy_f64,117.59940002229996,"{""N"": 200.0}"
exp9_performance,,,,,numba_f64,45.50199999357574,"{""N"": 200.0}"
exp9_performance,,,,,numpy_f32,87.80929999193177,"{""N"": 200.0}"
exp9_performance,,,,,sparse,125.13820000458507,"{""N"": 200.0}"
exp9_performance,,,,,numpy_f64,229.6924999973271,"{""N"": 400.0}"
exp9_performance,,,,,numba_f64,152.0338999980595,"{""N"": 400.0}"
exp9_performance,,,,,numpy_f32,146.94050000980496,"{""N"": 400.0}"
exp9_performance,,,,,sparse,231.4448000106495,"{""N"": 400.0}"
exp9_performance,,,,,numpy_f64,992.7097999898252,"{""N"": 800.0}"
exp9_performance,,,,,numba_f64,853.9542999933474,"{""N"": 800.0}"
exp9_performance,,,,,numpy_f32,859.6199000021443,"{""N"": 800.0}"
exp9_performance,,,,,sparse,532.2524999792222,"{""N"": 800.0}"
exp9_performance,,,,,numpy_f64,2077.6049999985844,"{""N"": 1500.0}"
exp9_performance,,,,,numba_f64,1725.2263999835122,"{""N"": 1500.0}"
exp9_performance,,,,,numpy_f32,1177.0293000154195,"{""N"": 1500.0}"
exp9_performance,,,,,sparse,1637.3310000053607,"{""N"": 1500.0}"
exp11_heterogeneity,mackey_glass,baseline,,0.0,nrmse,0.0037689918545612,"{""task"": ""mackey_glass"", ""config"": ""baseline"", ""seed"": 0}"
exp11_heterogeneity,mackey_glass,baseline,,1.0,nrmse,0.0043323491957501,"{""task"": ""mackey_glass"", ""config"": ""baseline"", ""seed"": 1}"
exp11_heterogeneity,mackey_glass,baseline,,2.0,nrmse,0.0037408835434759,"{""task"": ""mackey_glass"", ""config"": ""baseline"", ""seed"": 2}"
exp11_heterogeneity,mackey_glass,hetero_leaking,,0.0,nrmse,0.001721117800017,"{""task"": ""mackey_glass"", ""config"": ""hetero_leaking"", ""seed"": 0}"
exp11_heterogeneity,mackey_glass,hetero_leaking,,1.0,nrmse,0.0020500491911067,"{""task"": ""mackey_glass"", ""config"": ""hetero_leaking"", ""seed"": 1}"
exp11_heterogeneity,mackey_glass,hetero_leaking,,2.0,nrmse,0.0014449679520529,"{""task"": ""mackey_glass"", ""config"": ""hetero_leaking"", ""seed"": 2}"
exp11_heterogeneity,mackey_glass,multi_activation,,0.0,nrmse,0.004374463930102,"{""task"": ""mackey_glass"", ""config"": ""multi_activation"", ""seed"": 0}"
exp11_heterogeneity,mackey_glass,multi_activation,,1.0,nrmse,0.0047372053575112,"{""task"": ""mackey_glass"", ""config"": ""multi_activation"", ""seed"": 1}"
exp11_heterogeneity,mackey_glass,multi_activation,,2.0,nrmse,0.0053133016815962,"{""task"": ""mackey_glass"", ""config"": ""multi_activation"", ""seed"": 2}"
exp11_heterogeneity,mackey_glass,deep,,0.0,nrmse,0.0011679421630474,"{""task"": ""mackey_glass"", ""config"": ""deep"", ""seed"": 0}"
exp11_heterogeneity,mackey_glass,deep,,1.0,nrmse,0.0012709931662635,"{""task"": ""mackey_glass"", ""config"": ""deep"", ""seed"": 1}"
exp11_heterogeneity,mackey_glass,deep,,2.0,nrmse,0.0013129799574773,"{""task"": ""mackey_glass"", ""config"": ""deep"", ""seed"": 2}"
exp11_heterogeneity,mackey_glass,deep_hetero,,0.0,nrmse,0.0008928345603311,"{""task"": ""mackey_glass"", ""config"": ""deep_hetero"", ""seed"": 0}"
exp11_heterogeneity,mackey_glass,deep_hetero,,1.0,nrmse,0.0008685830390107,"{""task"": ""mackey_glass"", ""config"": ""deep_hetero"", ""seed"": 1}"
exp11_heterogeneity,mackey_glass,deep_hetero,,2.0,nrmse,0.0011462962620281,"{""task"": ""mackey_glass"", ""config"": ""deep_hetero"", ""seed"": 2}"
exp11_heterogeneity,lorenz,baseline,,0.0,nrmse,0.0005863393957871,"{""task"": ""lorenz"", ""config"": ""baseline"", ""seed"": 0}"
exp11_heterogeneity,lorenz,baseline,,1.0,nrmse,0.0004932561590717,"{""task"": ""lorenz"", ""config"": ""baseline"", ""seed"": 1}"
exp11_heterogeneity,lorenz,baseline,,2.0,nrmse,0.0003058297464231,"{""task"": ""lorenz"", ""config"": ""baseline"", ""seed"": 2}"
exp11_heterogeneity,lorenz,hetero_leaking,,0.0,nrmse,0.0009975467333352,"{""task"": ""lorenz"", ""config"": ""hetero_leaking"", ""seed"": 0}"
exp11_heterogeneity,lorenz,hetero_leaking,,1.0,nrmse,0.0007414354137954,"{""task"": ""lorenz"", ""config"": ""hetero_leaking"", ""seed"": 1}"
exp11_heterogeneity,lorenz,hetero_leaking,,2.0,nrmse,0.0005935506244844,"{""task"": ""lorenz"", ""config"": ""hetero_leaking"", ""seed"": 2}"
exp11_heterogeneity,lorenz,multi_activation,,0.0,nrmse,0.0002842186149386,"{""task"": ""lorenz"", ""config"": ""multi_activation"", ""seed"": 0}"
exp11_heterogeneity,lorenz,multi_activation,,1.0,nrmse,0.0002233432829527,"{""task"": ""lorenz"", ""config"": ""multi_activation"", ""seed"": 1}"
exp11_heterogeneity,lorenz,multi_activation,,2.0,nrmse,0.0002644167491881,"{""task"": ""lorenz"", ""config"": ""multi_activation"", ""seed"": 2}"
exp11_heterogeneity,lorenz,deep,,0.0,nrmse,0.0016336766768932,"{""task"": ""lorenz"", ""config"": ""deep"", ""seed"": 0}"
exp11_heterogeneity,lorenz,deep,,1.0,nrmse,0.0012740722199725,"{""task"": ""lorenz"", ""config"": ""deep"", ""seed"": 1}"
exp11_heterogeneity,lorenz,deep,,2.0,nrmse,0.0012654995126174,"{""task"": ""lorenz"", ""config"": ""deep"", ""seed"": 2}"
exp11_heterogeneity,lorenz,deep_hetero,,0.0,nrmse,0.0020079312586872,"{""task"": ""lorenz"", ""config"": ""deep_hetero"", ""seed"": 0}"
exp11_heterogeneity,lorenz,deep_hetero,,1.0,nrmse,0.0012099611686193,"{""task"": ""lorenz"", ""config"": ""deep_hetero"", ""seed"": 1}"
exp11_heterogeneity,lorenz,deep_hetero,,2.0,nrmse,0.0017860379152644,"{""task"": ""lorenz"", ""config"": ""deep_hetero"", ""seed"": 2}"
exp8_qwen_validation,qwen2.5-0.5b,fedresprompt,2.0,,acc_before,0.333,"{""model"": ""Qwen/Qwen2.5-0.5B"", ""classes"": ""[' up', ' down', ' flat']""}"
exp8_qwen_validation,qwen2.5-0.5b,fedresprompt,2.0,,acc_after,0.667,"{""model"": ""Qwen/Qwen2.5-0.5B"", ""classes"": ""[' up', ' down', ' flat']""}"
exp8_qwen_validation,qwen2.5-0.5b,fedresprompt,2.0,,loss_first,33.305,"{""model"": ""Qwen/Qwen2.5-0.5B"", ""classes"": ""[' up', ' down', ' flat']""}"
exp8_qwen_validation,qwen2.5-0.5b,fedresprompt,2.0,,loss_last,1.628,"{""model"": ""Qwen/Qwen2.5-0.5B"", ""classes"": ""[' up', ' down', ' flat']""}"
exp10_benchmarks,japanese_vowels,centralized,,,accuracy,0.9756756756756756,"{""task"": ""speaker identification""}"
exp10_benchmarks,japanese_vowels,federated,,,accuracy,0.9756756756756756,"{""task"": ""speaker identification""}"
exp10_benchmarks,japanese_vowels,local,,,accuracy,0.1111111111111111,"{""task"": ""speaker identification""}"
exp10_benchmarks,har,federated,,,accuracy,0.9182219205972176,"{""task"": ""activity recognition""}"
exp10_benchmarks,har,ensemble,,,accuracy,0.838140481845945,"{""task"": ""activity recognition""}"
exp10_benchmarks,har,local,,,accuracy,0.6553880459547239,"{""task"": ""activity recognition""}"
exp10_benchmarks,fred_panel,federated,1.0,,nrmse,0.8199922967352404,"{""task"": ""ted_spread forecast""}"
exp10_benchmarks,fred_panel,local_median,1.0,,nrmse,0.8199922967352404,"{""task"": ""ted_spread forecast""}"
exp10_benchmarks,fred_panel,federated,5.0,,nrmse,0.7722088487420156,"{""task"": ""ted_spread forecast""}"
exp10_benchmarks,fred_panel,local_median,5.0,,nrmse,19.07457670837069,"{""task"": ""ted_spread forecast""}"
exp10_benchmarks,fred_panel,federated,10.0,,nrmse,0.866479920162081,"{""task"": ""ted_spread forecast""}"
exp10_benchmarks,fred_panel,local_median,10.0,,nrmse,54.61616557491534,"{""task"": ""ted_spread forecast""}"
exp10_benchmarks,fred_panel,federated,20.0,,nrmse,0.9422792925806656,"{""task"": ""ted_spread forecast""}"
exp10_benchmarks,fred_panel,local_median,20.0,,nrmse,43.339459246199226,"{""task"": ""ted_spread forecast""}"
